CourseCode,CourseName,Origin,Question,OptionA,OptionB,OptionC,OptionD,OptionE,OptionF,Answer,RelatedTextbook,RelatedChapter
BSCN9300,Pharmacotherapeutics,T,Which step during the development of a nursing diagnosis demonstrates critical thinking?,The nurse documents that the patient is experiencing shortness of breath and obtains a respiratory rate.,"Multiple problems are identified, and the nurse prioritizes a problem related to airway clearance and breathing.",The nurse assists the patient in exercises such as pursed lip breathing to decrease shortness of breath.,A follow-up assessment is conducted to determine if actions taken have improved the respiratory rate.,,,B,Pharmacology for Canadian Health Care Practice,1 - Nursing Practice in Canada & Drug Therapy
BSCN9300,Pharmacotherapeutics,T,Which action would the nurse take when gathering subjective data?,Ask questions about symptoms.,Obtain a blood pressure measurement.,Review diagnostic lab results.,Auscultate lung sounds.,,,A,Pharmacology for Canadian Health Care Practice,1 - Nursing Practice in Canada & Drug Therapy
BSCN9300,Pharmacotherapeutics,T,Which information will the nurse verify when reviewing a medication prescription?,The patient’s insurance plan and coverage,The presence of a prescriber’s signature,The date the prescription was written,Dosage amount and frequency,The route for administration,,B|C|D|E,Pharmacology for Canadian Health Care Practice,1 - Nursing Practice in Canada & Drug Therapy
BSCN9300,Pharmacotherapeutics,T,Which outcome is associated with the formulation of a nursing diagnosis?,Information is shared regarding the patient experience.,Data is collected to determine the patient's problem.,A time period is established for meeting a goal.,Information is used to determine expected patient behaviour.,,,A,Pharmacology for Canadian Health Care Practice,1 - Nursing Practice in Canada & Drug Therapy
BSCN9300,Pharmacotherapeutics,T,Which action takes place during the nursing diagnosis phase of the nursing process?,A connection is made between the human response and the effect.,Expected and measurable changes are determined to address the issue.,A comprehensive list of past medical and surgical history is obtained.,A realistic goal is developed with clear steps to achieve the intended outcome.,,,A,Pharmacology for Canadian Health Care Practice,1 - Nursing Practice in Canada & Drug Therapy
BSCN9300,Pharmacotherapeutics,T,Which result is accomplished through the planning phase of the nursing process?,The problems are identified and prioritized based on importance.,A pathway is determined with actionable steps intended toward making a change.,Subjective and objective data are collected and reviewed.,"Factors related to the response are identified, along with cues and evidence.",,,B,Pharmacology for Canadian Health Care Practice,1 - Nursing Practice in Canada & Drug Therapy
BSCN9300,Pharmacotherapeutics,T,Which action would be performed when gathering objective assessment data?,Complete an interview.,Review medical records.,Observe breathing effort.,Use direct and indirect questioning.,Measure vital signs.,,B|C|E,Pharmacology for Canadian Health Care Practice,1 - Nursing Practice in Canada & Drug Therapy
BSCN9300,Pharmacotherapeutics,T,Which activity is reflective of the registered nurse role in Canada?,Interpret diagnostic tests.,Prescribe medications.,Follow standard prescriptions.,Perform diagnostic procedures.,,,C,Pharmacology for Canadian Health Care Practice,1 - Nursing Practice in Canada & Drug Therapy
BSCN9300,Pharmacotherapeutics,T,Which goal is associated with the International Council of Nurses (ICN) unified language system?,Data is compared between populations and geographical areas.,Information systems are utilized to provide opportunities that stimulate nursing research.,Trends related to nursing treatments and the allocation of resources are concealed.,Data is used to influence nursing practice and health care policy.,Information related to the care of individuals and communities is identified.,,A|B|D|E,Pharmacology for Canadian Health Care Practice,1 - Nursing Practice in Canada & Drug Therapy
BSCN9300,Pharmacotherapeutics,T,Which statement best describes Part III of the nursing diagnoses formulation process?,"Identifies patient responses to illness, injury, or change, including problems, risks, or health improvement areas","Contains a listing of clues, cues, evidence, or other data that support the nurse’s claim that the diagnosis is accurate","Specifies the factor(s) related to the patient's response, often naming more than one factor",Outlines the goals and outcomes of the nursing interventions for addressing the diagnosed problem,,,B,Pharmacology for Canadian Health Care Practice,1 - Nursing Practice in Canada & Drug Therapy
BSCN9300,Pharmacotherapeutics,T,Which factor would need to be determined when creating a patient goal during the planning phase?,That relevant data has been collected,Priority of the nursing diagnoses,Cues that support the claim,Patient’s response to the illness,,,B,Pharmacology for Canadian Health Care Practice,1 - Nursing Practice in Canada & Drug Therapy
BSCN9300,Pharmacotherapeutics,T,Which statement is accurate about the nursing process?,It is an adjustable method for delivering quality nursing care to patients,The nurse follows a standard process of rigid steps when using the nursing process,Every health care institution follows this process to provide care to the patient,"The establishment of patient goals is a part of its first step, called assessment",,,A,Pharmacology for Canadian Health Care Practice,1 - Nursing Practice in Canada & Drug Therapy
BSCN9300,Pharmacotherapeutics,T,Which statement is accurate about why it is important to administer a medication for the right reason?,Knowing the classification of the medication is sufficient for safe administration,A nurse has to be familiar with the medication's intended effect to minimize unintended harm,Unfamiliarity with a medication does not pose a risk to the patient if the right dose is given,Knowing about the route of administration is adequate for a nurse to administer medication,,,B,Pharmacology for Canadian Health Care Practice,1 - Nursing Practice in Canada & Drug Therapy
BSCN9300,Pharmacotherapeutics,T,Which action with the nurse perform to ensure safe medication dosage calculation?,Checking the prescribed dose against the normal dosage range for the medication,Rounding all medication dosages to the nearest whole number,Using trailing zeros after the decimal point for the dose,Administering the same dosage for all age groups,,,A,Pharmacology for Canadian Health Care Practice,1 - Nursing Practice in Canada & Drug Therapy
BSCN9300,Pharmacotherapeutics,T,Which statement describes the pharmacologic principle of biotransformation?,Drugs are transported for absorption within the body,Drugs are metabolized for elimination from the body,Drugs are metabolized for elimination from the body,Drugs trigger a harmful reaction in the body,,,B,Pharmacology for Canadian Health Care Practice,2 - Pharmacological Priniciples
BSCN9300,Pharmacotherapeutics,T,Which scenario explains the rationale for the substitution of a generic drug for a trade name drug?,A generic drug option is available to purchase at the same time that the chemical name is assigned to the drug,A trade name drug has a lower price since it has been on the market longer,A generic drug option is available when the trade name drug patent expires,A generic drug’s active ingredients are slightly different from the trade name drugs,,,C,Pharmacology for Canadian Health Care Practice,2 - Pharmacological Priniciples
BSCN9300,Pharmacotherapeutics,T,Which process will occur when a drug is in the pharmacokinetic phase?,Absorption into the blood,Disintegration from its original form,Attachment to cell receptors,Alteration of body function,,,A,Pharmacology for Canadian Health Care Practice,2 - Pharmacological Priniciples
BSCN9300,Pharmacotherapeutics,T,Which response would the nurse anticipate if micronized fenofibrate is replaced with nonmicronized fenofibrate?,Increased drug action,Delayed drug absorption,Improved drug metabolism,Reduced drug excretion,,,B,Pharmacology for Canadian Health Care Practice,2 - Pharmacological Priniciples
BSCN9300,Pharmacotherapeutics,T,Which drug form would assist the patient in adhering to a medication regimen?,Parenteral solution,Oral liquid suspension,Slow-release tablet,Buccal tablet,,,C,Pharmacology for Canadian Health Care Practice,2 - Pharmacological Priniciples
BSCN9300,Pharmacotherapeutics,T,Which statement about a topical fentanyl transdermal patch is accurate?,The drug requires a pH alteration to dissolve into the bloodstream,The drug breaks down before absorption,The drug action occurs immediately,The drug is distributed through circulation,,,D,Pharmacology for Canadian Health Care Practice,2 - Pharmacological Priniciples
BSCN9300,Pharmacotherapeutics,T,Which role related to pharmacology would a nurse perform?,Monitor drug therapeutic outcomes,Report harmful drug reactions,Determine drug substitutes,Reinforce drug benefits to patients,Recognize inappropriate drug use,,A|B|D|E,Pharmacology for Canadian Health Care Practice,2 - Pharmacological Priniciples
BSCN9300,Pharmacotherapeutics,T,Which drug characteristic would be the primary factor for selecting the therapeutic equivalent of a proprietary drug for administration?,Chemical composition,Action,Active ingredients,Cost,,,B,Pharmacology for Canadian Health Care Practice,2 - Pharmacological Priniciples
BSCN9300,Pharmacotherapeutics,T,Which drug form would the nurse use to provide the most immediate pain relief?,Oral liquid suspension,Immediate-release tablet,Powder in a capsule,Syrup preparation,,,D,Pharmacology for Canadian Health Care Practice,2 - Pharmacological Priniciples
BSCN9300,Pharmacotherapeutics,T,Which action by the nurse indicates a need for additional education related to medication administration?,The nurse opens a capsule for the patient to swallow the granules,The nurse administers a rectal topical formulation outside the rectum,The nurse crushes an immediate-release tablet to administer through an enteral feeding tube,The nurse places a buccal wafer on the patient’s tongue to swallow,,,D,Pharmacology for Canadian Health Care Practice,2 - Pharmacological Priniciples
BSCN9300,Pharmacotherapeutics,T,Which factor would be critical for parenteral drug formulation?,Time to dissolve,Enzyme breakdown,Particle size for absorption ,Solution pH,,,D,Pharmacology for Canadian Health Care Practice,2 - Pharmacological Priniciples
BSCN9300,Pharmacotherapeutics,T,Which physiological process would cause a high first-pass effect?,Intestines absorb a large amount of a drug,Liver metabolism inactivates a large proportion of a drug,Systemic circulation quickly distributes the drug throughout the body,Drug excretion occurs at a rapid rate,,,B,Pharmacology for Canadian Health Care Practice,2 - Pharmacological Priniciples
BSCN9300,Pharmacotherapeutics,T,Which action would be expected when a drug is administered through the intramuscular route?,Immediate action,Action within 5 minutes,Action within 2 hours,Action extended for 1 day,Action throughout a month,,C|D|E,Pharmacology for Canadian Health Care Practice,2 - Pharmacological Priniciples
BSCN9300,Pharmacotherapeutics,T,Which drug is associated with a high risk for inconsistent systemic absorption?,Progesterone vaginal suppository,Oxymetazoline nasal spray,Methylprednisolone acetate intramuscular injection,Miconazole vaginal cream,,,D,Pharmacology for Canadian Health Care Practice,2 - Pharmacological Priniciples
BSCN9300,Pharmacotherapeutics,T,Which area in the body of a patient with a septic wound infection would experience rapid distribution of intravenous antibiotics?,Kidney tissues,Skin around the wound,Arm muscle near the infusion site,Fat tissue throughout the body,,,A,Pharmacology for Canadian Health Care Practice,2 - Pharmacological Priniciples
BSCN9300,Pharmacotherapeutics,T,Which patient is at risk for increased drug metabolism?,A patient with declining renal function,A patient without adequate nutrition over several weeks,A patient who requires a barbiturate for sedation,A patient who has heart failure,,,C,Pharmacology for Canadian Health Care Practice,2 - Pharmacological Priniciples
BSCN9300,Pharmacotherapeutics,T,Which statement describes a trough drug level?,“The trough level is taken as the drug starts to act.”,“The trough level is calculated after an estimated drug half-life occurs.”,“The trough level is measured when the drug effect ends.”,“The trough level is obtained just before another dose is given.”,,,D,Pharmacology for Canadian Health Care Practice,2 - Pharmacological Priniciples
BSCN9300,Pharmacotherapeutics,T,Which drug administration practice would increase alendronate sodium absorption by the oral route?,Administration of an enteric preparation with a meal,Administration of an anticholinergic drug first,Administration followed by exercise with physical therapy,Administration 30 minutes before breakfast,,,D,Pharmacology for Canadian Health Care Practice,2 - Pharmacological Priniciples
BSCN9300,Pharmacotherapeutics,T,Which drug administration technique would ensure patient safety?,A clean glove used to apply antibiotic ointment to an open wound,A subcutaneous injection given at a 45-degree angle to a thin adult,An aqueous solution injected intramuscularly with an 18-gauge needle,An oral medication administered via a nasogastric tube with the patient in a left-side lying position,,,B,Pharmacology for Canadian Health Care Practice,2 - Pharmacological Priniciples
BSCN9300,Pharmacotherapeutics,T,Which prescription would be anticipated to achieve consistent pain relief from fentanyl?,Oral tablets scheduled every 12 hours,Transdermal patch every 3 days,Intravenous injections when requested,Rectal suppositories every 6 hours,,,B,Pharmacology for Canadian Health Care Practice,2 - Pharmacological Priniciples
BSCN9300,Pharmacotherapeutics,T,Which consideration would apply to a patient receiving a fat-soluble drug?,Absorption is impaired by food intake,Distribution volume is low,Metabolism involves P450 enzymes,Elimination occurs rapidly,,,C,Pharmacology for Canadian Health Care Practice,2 - Pharmacological Priniciples
BSCN9300,Pharmacotherapeutics,T,Which action would be expected from a drug-enzyme inducer?,Prolonged drug effect,Stronger drug effect,Reduced drug effect,Delayed drug effect,,,C,Pharmacology for Canadian Health Care Practice,2 - Pharmacological Priniciples
BSCN9300,Pharmacotherapeutics,T,Through which route would a drug be eliminated from the body?,Urine,Bile,Saliva,Blood,Perspiration,Breast milk,A|B|C|D|E|F,Pharmacology for Canadian Health Care Practice,2 - Pharmacological Priniciples
BSCN9300,Pharmacotherapeutics,T,Which way do drugs exert their actions within the body?,Binding with receptors,Passing through the digestive tract ,Crossing the blood–brain barrier,Interacting with enzymes ,Causing nonselective interactions ,,A|D|E,Pharmacology for Canadian Health Care Practice,2 - Pharmacological Priniciples
BSCN9300,Pharmacotherapeutics,T,Which action would be associated with an antagonist drug type?,Binds to the receptor and has a diminished response,"Prevents binding of agonist, and there is no response","Binds to the receptor, and there is a response",Competes with the agonist for binding to the receptor,,,B,Pharmacology for Canadian Health Care Practice,2 - Pharmacological Priniciples
BSCN9300,Pharmacotherapeutics,T,Which type of interaction occurs when drugs physically interfere or chemically alter cellular processes?,Selective,Cell lysis,Non-selective,Drug-enzyme,,,C,Pharmacology for Canadian Health Care Practice,2 - Pharmacological Priniciples
BSCN9300,Pharmacotherapeutics,T,Which term describes the phenomenon where a patient experiences a reduced response to a specific medication after repeated doses?,Dependence,Increased drug concentration,Tolerance,Therapeutic index,,,C,Pharmacology for Canadian Health Care Practice,2 - Pharmacological Priniciples
BSCN9300,Pharmacotherapeutics,T,Which right of medication use ensures that the nurse correctly administers a medication to the patient?,Right route,Right to refuse,Right dose,Right patient,Right drug,,A|B|C|D|E,Pharmacology for Canadian Health Care Practice,2 - Pharmacological Priniciples
BSCN9300,Pharmacotherapeutics,T,Which adverse drug reaction would be suspected when a patient taking a beta blocker becomes lethargic due to hypotension?,Allergic reaction,Idiosyncratic reaction,Drug interaction,Pharmacological reaction,,,D,Pharmacology for Canadian Health Care Practice,2 - Pharmacological Priniciples
BSCN9300,Pharmacotherapeutics,T,"Which source provides many weak acids and weak bases, including alkaloids such as atropine?",Minerals,Animals,Laboratory synthesis,Plants,,,D,Pharmacology for Canadian Health Care Practice,2 - Pharmacological Priniciples
BSCN9300,Pharmacotherapeutics,T,Which antidote would be administered to a patient who presents with an overdose of quinidine?,Sodium bicarbonate,Glucagon,Flumazenil,Acetylcysteine,,,A,Pharmacology for Canadian Health Care Practice,2 - Pharmacological Priniciples
BSCN9300,Pharmacotherapeutics,T,Which specialized field is concerned with the study of treatment outcomes in relation to the cost of treatment?,Pharmacodynamics,Pharmacoeconomics,Pharmacognosy,Pharmacotherapeutics,,,B,Pharmacology for Canadian Health Care Practice,2 - Pharmacological Priniciples
BSCN9300,Pharmacotherapeutics,T,Which part of the cell is targeted by drugs with nonspecific mechanisms of action to exert their effect?,Cell wall,Cell membrane,Mitochondria,Nucleus,,,B,Pharmacology for Canadian Health Care Practice,2 - Pharmacological Priniciples
BSCN9300,Pharmacotherapeutics,T,Which term refers to the identification of medicinal plants and their pharmacological effects?,Therapeutic index,Pharmacokinetics,Toxicology,Pharmacognosy,,,D,Pharmacology for Canadian Health Care Practice,2 - Pharmacological Priniciples
BSCN9300,Pharmacotherapeutics,T,Which interaction occurs when two parenteral drugs are mixed and produce a precipitate?,Incompatibility,Additive effect,Synergistic effect,Antagonism,,,A,Pharmacology for Canadian Health Care Practice,2 - Pharmacological Priniciples
BSCN9300,Pharmacotherapeutics,T,Which medication would be contraindicated for a patient who is diagnosed with glucose-6-phosphate dehydrogenase (G6PD) deficiency?,Acetaminophen,Nitrofurantoin,Insulin,Propranolol,,,B,Pharmacology for Canadian Health Care Practice,2 - Pharmacological Priniciples
BSCN9300,Pharmacotherapeutics,T,"Which outcome is associated with the pharmacokinetic interaction between erythromycin and cyclosporine, where both drugs compete for the same liver enzymes?",Increased risk of drug resistance,Decreased metabolism of cyclosporine,Enhanced absorption of erythromycin,Accelerated excretion of cyclosporine,,,B,Pharmacology for Canadian Health Care Practice,2 - Pharmacological Priniciples
BSCN9300,Pharmacotherapeutics,T,Which term describes when congenital malformations in the fetus result from drugs crossing the placenta?,Drug-induced teratogenesis,Carcinogenic effects,Mutagenic effects,Idiosyncratic reaction,,,A,Pharmacology for Canadian Health Care Practice,2 - Pharmacological Priniciples
BSCN9300,Pharmacotherapeutics,T,Which primary focus of patient therapy assessment is essential before initiating a new medication?,Improving quality of life,Curing the disease,Identifying contraindications,Eliminating a pre-existing symptom,,,C,Pharmacology for Canadian Health Care Practice,2 - Pharmacological Priniciples
BSCN9300,Pharmacotherapeutics,T,During which period of pregnancy is a fetus at the highest risk of teratogenic effects from medications?,Weeks 1–2,Weeks 3–12,Weeks 8–16,Weeks 24–40,,,D,Pharmacology for Canadian Health Care Practice,2 - Pharmacological Priniciples
BSCN9300,Pharmacotherapeutics,T,Which term refers to what a drug does to the body?,Pharmaceutics,Pharmacodynamics,Pharmacokinetics,Pharmacotherapeutics,,,B,Pharmacology for Canadian Health Care Practice,2 - Pharmacological Priniciples
BSCN9300,Pharmacotherapeutics,T,Which dosage form results in immediate absorption?,"A whole tablet, swallowed",Intramuscular injection,Intravenous injection,Extended-release capsule,,,C,Pharmacology for Canadian Health Care Practice,2 - Pharmacological Priniciples
BSCN9300,Pharmacotherapeutics,T,Which property of a drug is described through its trade name?,Chemical composition,Nonproprietary status,Proprietary status,Molecular structure,,,C,Pharmacology for Canadian Health Care Practice,2 - Pharmacological Priniciples
BSCN9300,Pharmacotherapeutics,T,Which name is typically used in most official drug comendiums?,Chemical name,Generic name,Trade name,Proprietary name,,,B,Pharmacology for Canadian Health Care Practice,2 - Pharmacological Priniciples
BSCN9300,Pharmacotherapeutics,T,Which statement applies to pills in the extended-release dosage form?,They should be crushed before administration to improve absorption,They are designed to release all of their medication immediately,They can be identified by abbreviations such as sustained release (SR) in their names,They are less convenient for patients when compared to immediate-release forms,,,C,Pharmacology for Canadian Health Care Practice,2 - Pharmacological Priniciples
BSCN9300,Pharmacotherapeutics,T,Which action would be the nurse's first priority to effectively treat poisoning?,Prevent the absorption of the toxic agent,Speed up the elimination of the toxin,Preserve the patient's vital functions,Determine the type of antidote needed,,,C,Pharmacology for Canadian Health Care Practice,2 - Pharmacological Priniciples
BSCN9300,Pharmacotherapeutics,T,Which antidote would be used for treating opiate poisoning?,Naloxone,Flumazenil,Atropine,Deferoxamine,,,A,Pharmacology for Canadian Health Care Practice,2 - Pharmacological Priniciples
BSCN9300,Pharmacotherapeutics,T,Which property would be expected after a drug is metabolized by the liver?,Highly active form,Less active form,Reduced polarity,Decreased water solubility,,,B,Pharmacology for Canadian Health Care Practice,2 - Pharmacological Priniciples
BSCN9300,Pharmacotherapeutics,T,Which statement is consistent when a dose of 200 mg of an intravenous drug with a half-life of 15 minutes is administered?,"After 15 minutes, 50 mg of the drug remains in the body","After 30 minutes, 25 mg of the drug remains in the body","After 1 hour, 12.5 mg of the drug remain in the body","After 75 minutes, 0 mg of the drug remains in the body",,,C,Pharmacology for Canadian Health Care Practice,2 - Pharmacological Priniciples
BSCN9300,Pharmacotherapeutics,T,Which route of medication administration would the nurse use for a patient who requires immediate relief from pain?,Oral,Subcutaneous,Intramuscular,Intravenous,,,D,Pharmacology for Canadian Health Care Practice,2 - Pharmacological Priniciples
BSCN9300,Pharmacotherapeutics,T,Which statement best describes pharmacokinetics?,Adverse effects and toxic reactions to medications,Physiologic interaction between a drug and body cells,Conversion of medication into its active chemical substance,What the body does to the drug after it is administered,,,D,Pharmacology for Canadian Health Care Practice,2 - Pharmacological Priniciples
BSCN9300,Pharmacotherapeutics,T,What is another term for biotransformation of a drug?,Dilution,Excretion,Absorption,Metabolism,,,D,Pharmacology for Canadian Health Care Practice,2 - Pharmacological Priniciples
BSCN9300,Pharmacotherapeutics,T,A drug given by which route is altered by the first-pass effect?,Oral,Sublingual,Intravenous (IV),Subcutaneous,,,A,Pharmacology for Canadian Health Care Practice,2 - Pharmacological Priniciples
BSCN9300,Pharmacotherapeutics,T,A drug’s half-life is defined as the amount of time required for 50% of a drug to:,be absorbed by the body.,exert a response.,be eliminated by the body.,reach a therapeutic level.,,,C,Pharmacology for Canadian Health Care Practice,2 - Pharmacological Priniciples
BSCN9300,Pharmacotherapeutics,T,Which nursing action will increase the absorption of a medication administered intramuscularly?,Massaging the site after injection.,Applying ice packs to the injection site.,Lowering the extremity below the level of the heart.,Administering the medication via the Z-track method.,,,A,Pharmacology for Canadian Health Care Practice,2 - Pharmacological Priniciples
BSCN9300,Pharmacotherapeutics,T,"When administering two medications that are highly protein bound, the nurse understands to monitor the patient carefully for which effect?",A short duration of medication action,Increase in the risk of drug–drug interactions,Immediate improvement in the patient’s condition,Hypovolemic shock caused by a low albumin level,,,B,Pharmacology for Canadian Health Care Practice,2 - Pharmacological Priniciples
BSCN9300,Pharmacotherapeutics,T,Patients with renal failure would most likely have problems with which pharmacokinetic process?,Excretion,Absorption,Metabolism,Distribution,,,A,Pharmacology for Canadian Health Care Practice,2 - Pharmacological Priniciples
BSCN9300,Pharmacotherapeutics,T,What is the ratio between a drug’s therapeutic effects and toxic effects called?,Affinity,Tolerance,Therapeutic index,Cumulative effect,,,C,Pharmacology for Canadian Health Care Practice,2 - Pharmacological Priniciples
BSCN9300,Pharmacotherapeutics,T,A patient asks the nurse why the dose of IV pain medication being given is lower than that of the patient’s previous oral medication. What is the nurse’s best response to the patient?,“Medications given orally bypass the portal circulatory system.”,“Medications given intravenously are not affected by the first-pass effect.”,“Drugs administered intravenously enter the portal system before systemic distribution.”,“A large percentage of an intravenously administered drug is metabolized into inactive metabolites in the liver.”,,,B,Pharmacology for Canadian Health Care Practice,2 - Pharmacological Priniciples
BSCN9300,Pharmacotherapeutics,T,The nurse understands that drugs exert their actions on the body by what process?,Interacting with receptors,Altering metabolic chemical processes,Making the cell perform a new function,Inhibiting the action of a specific enzyme,,,A|B|D,Pharmacology for Canadian Health Care Practice,2 - Pharmacological Priniciples
BSCN9300,Pharmacotherapeutics,T,The nurse knows that which factors will affect the absorption of orally administered medications?,Time of day,pH of the stomach,Form of drug preparation,Patient in high Fowler’s position,Presence of food in the stomach,,A|B|C|E,Pharmacology for Canadian Health Care Practice,2 - Pharmacological Priniciples
BSCN9300,Pharmacotherapeutics,AI,"An older adult woman took a prescription medicine to help her sleep; however, she felt restless all night and did not sleep at all. The nurse recognizes that this woman has experienced which type of reaction or effect?",Allergic reaction,Idiosyncratic reaction,Mutagenic effect,Synergistic effect,,,B,Pharmacology for Canadian Health Care Practice,2 - Pharmacological Priniciples
BSCN9300,Pharmacotherapeutics,AI,"While caring for a patient with cirrhosis or hepatitis, the nurse knows that abnormalities in which phase of pharmacokinetics may occur?",Absorption,Distribution,Metabolism,Excretion,,,C,Pharmacology for Canadian Health Care Practice,2 - Pharmacological Priniciples
BSCN9300,Pharmacotherapeutics,AI,A patient who has advanced cancer is receiving opioid medications around the clock to “keep them comfortable” as they near the end of life. Which term best describes this type of therapy?,Palliative therapy,Maintenance therapy,Supportive therapy,Supplemental therapy,,,A,Pharmacology for Canadian Health Care Practice,2 - Pharmacological Priniciples
BSCN9300,Pharmacotherapeutics,AI,The nurse is giving medications to a patient in heart failure. The intravenous route is chosen instead of the intramuscular route. Which patient factor most influences the decision about which route to use?,Altered biliary function,Increased glomerular filtration,Reduced liver metabolism,Diminished circulation,,,D,Pharmacology for Canadian Health Care Practice,2 - Pharmacological Priniciples
BSCN9300,Pharmacotherapeutics,AI,"A patient has just received a prescription for an enteric-coated stool softener. When teaching the patient, the nurse should include which statement?",“Take the tablet with 60 to 90 mL of orange juice.”,“Avoid taking all other medications with any enteric-coated tablet.”,“Crush the tablet before swallowing if you have problems with swallowing.”,“Be sure to swallow the tablet whole without chewing it.”,,,D,Pharmacology for Canadian Health Care Practice,2 - Pharmacological Priniciples
BSCN9300,Pharmacotherapeutics,AI,"Each statement describes a phase of pharmacokinetics. Put the statements in order, with 1 indicating the phase that occurs first and 4 indicating the phase that occurs last.",Enzymes in the liver transform the drug into an inactive metabolite.,Drug metabolites are secreted through passive glomerular filtration into the renal tubules.,A drug binds to the plasma protein albumin and circulates through the body.,A drug moves from the intestinal lumen into the mesenteric blood system.,,,A|B|C|D,Pharmacology for Canadian Health Care Practice,2 - Pharmacological Priniciples
BSCN9300,Pharmacotherapeutics,AI,The nurse is reviewing the various forms of topical medications. Which of these are considered topical medications?,Rectal ointment for hemorrhoids,Eye drops for inflammation,Sublingual tablet for chest pain,Inhaled medication for asthma,Intradermal injection for tuberculosis testing,,A|B|D,Pharmacology for Canadian Health Care Practice,2 - Pharmacological Priniciples
BSCN9300,Pharmacotherapeutics,T,Which drug would the nurse find listed in Part J of the Canadian Food and Drugs Act?,Psilocybin,Methadone,Lysergic acid diethylamide (LSD),Codeine,Mescaline,,A|C|E,Pharmacology for Canadian Health Care Practice,3 - Legal & Ethical Considerations
BSCN9300,Pharmacotherapeutics,T,Which drug group is categorized under Schedule I of the Controlled Drugs and Substances Act (CDSA)?,Amphetamines,Barbituates,Synthetic cannabinoid receptor type 1 agonists,Opiates,,,D,Pharmacology for Canadian Health Care Practice,3 - Legal & Ethical Considerations
BSCN9300,Pharmacotherapeutics,T,Which component would be a mandatory part of informed consent that the nurse would oversee for an investigational new drug study?,Schedule of study appointments,Study coordinator's contact details,Research methods to be utilized,Enlisted potential advantages,Outline of possible adverse effects,,C|D|E,Pharmacology for Canadian Health Care Practice,3 - Legal & Ethical Considerations
BSCN9300,Pharmacotherapeutics,T,Which statement about the regulation of access to prescription drugs in Canada is accurate?,Prescription drugs are covered under the Canada Health Act.,A federal formulary committee determines which drugs are covered by the health plan.,Provincial plans cover some cost of drugs for older adults' treatment.,The provincial government offers drug coverage for Indigenous peoples.,,,C,Pharmacology for Canadian Health Care Practice,3 - Legal & Ethical Considerations
BSCN9300,Pharmacotherapeutics,T,Which organization is responsible for regulating drug advertising in Canada?,Food and Drugs Committee,Pharmaceutical Advertising Advisory Board (PAAB),Advertising Standards Canada (ASC),Health Canada,,,D,Pharmacology for Canadian Health Care Practice,3 - Legal & Ethical Considerations
BSCN9300,Pharmacotherapeutics,T,Which schedule of the Canadian Food and Drugs Act would a nurse refer to when administering insulin to a patient with diabetes?,Schedule A,Schedule C,Schedule D,Schedule G,,,C,Pharmacology for Canadian Health Care Practice,3 - Legal & Ethical Considerations
BSCN9300,Pharmacotherapeutics,T,Which symbol on the label would a nurse look for on the packaging of an amphetamine medication?,C,D,G,J,,,A,Pharmacology for Canadian Health Care Practice,3 - Legal & Ethical Considerations
BSCN9300,Pharmacotherapeutics,T,"Which symbol would a nurse expect to find on the fentanyl patch label to ensure proper identification, according to the Controlled Drugs and Substances Act (CDSA)?",G,C,J,N,,,D,Pharmacology for Canadian Health Care Practice,3 - Legal & Ethical Considerations
BSCN9300,Pharmacotherapeutics,T,Which condition would make a patient eligible to access experimental drugs not available for sale in Canada?,Juvenile arthritis,Schizophrenia,Hemophilia,Pericardial disease,,,C,Pharmacology for Canadian Health Care Practice,3 - Legal & Ethical Considerations
BSCN9300,Pharmacotherapeutics,T,Which goal does a placebo-controlled study aim to achieve?,Decrease rare adverse drug reactions,Improve drug effectiveness,Establish the optimal therapeutic dosage,Enhance study objectivity,,,D,Pharmacology for Canadian Health Care Practice,3 - Legal & Ethical Considerations
BSCN9300,Pharmacotherapeutics,T,Which phase of drug testing eliminates many potential new drugs for human use due to their toxicity?,Preclinical phase,Phase I clinical trials,Phase II clinical trials,Phase III clinical trials,,,A,Pharmacology for Canadian Health Care Practice,3 - Legal & Ethical Considerations
BSCN9300,Pharmacotherapeutics,T,Which statement is accurate about nursing practice in Canada?,The nurse follows the nurse practice act specific to each province or territory,The nurse obtains federal licensure to practise nursing,The nurse has unrestricted autonomy in clinical decision making,The nurse must comply with international health care regulations,,,A,Pharmacology for Canadian Health Care Practice,3 - Legal & Ethical Considerations
BSCN9300,Pharmacotherapeutics,T,Which institution's standards would a nurse refer to when looking for information on the updated policy statements related to drug administration in nursing practice?,Health Canada,Provincial and territorial health services,Canadian Nursing Association (CNA),Accreditation Canada,,,C,Pharmacology for Canadian Health Care Practice,3 - Legal & Ethical Considerations
BSCN9300,Pharmacotherapeutics,T,Which role does the Government of Canada Privacy Act have in regulating nursing practice?,Defines patient rights,Stores personal health information,Prohibits sharing of health information with others,Protects the nurse’s rights,Addresses patient confidentiality issues,,A|C|E,Pharmacology for Canadian Health Care Practice,3 - Legal & Ethical Considerations
BSCN9300,Pharmacotherapeutics,T,Which nursing action ensures adherence to ethical principles?,Providing selective care based on specific settings and individuals involved,Assisting patients in making health care decisions based on objective and subjective values,Maintaining the focus on the patient’s best interests at all times,Acting as a patient advocate by imposing personal judgement if necessary,,,C,Pharmacology for Canadian Health Care Practice,3 - Legal & Ethical Considerations
BSCN9300,Pharmacotherapeutics,T,Which principle forms the foundation for ethical nursing practice?,Efficiency,Transparency,Sustainability,Beneficence,Autonomy,,D|E,Pharmacology for Canadian Health Care Practice,3 - Legal & Ethical Considerations
BSCN9300,Pharmacotherapeutics,T,Which specific area of the nurse’s liability is referred to when the nurse proceeds with drug administration without checking the patient’s identity?,Medication error,Failure to assess,Failure to evaluate,Failure to ensure safety,,,A,Pharmacology for Canadian Health Care Practice,3 - Legal & Ethical Considerations
BSCN9300,Pharmacotherapeutics,T,Which nursing approach would be essential in addressing an ethical dilemma in daily practice?,Goal-oriented,Assertive,Analytical,Empathetic,,,D,Pharmacology for Canadian Health Care Practice,3 - Legal & Ethical Considerations
BSCN9300,Pharmacotherapeutics,T,Which responsibility is fundamental in nursing practice according to the International Council of Nurses (ICN) Code of Ethics for Nurses?,Preventing Illness,Initiating quality improvements,Conducting health surveys,Alleviating suffering,Restoring health,,A|D|E,Pharmacology for Canadian Health Care Practice,3 - Legal & Ethical Considerations
BSCN9300,Pharmacotherapeutics,T,Which ethical nursing action promotes informed decision making?,Thriving for the highest level of nursing practice,Respecting a person’s autonomy,Providing compassionate care,Questioning unsafe practices,,,B,Pharmacology for Canadian Health Care Practice,3 - Legal & Ethical Considerations
BSCN9300,Pharmacotherapeutics,T,Which nursing action would align with ethical standards when utilizing placebos in clinical practice?,"Encouraging placebo use as a routine treatment option for all patients, regardless of medical necessity",Informing patients of their right to withdraw from the clinical study without consequences to their medical care,Administering placebos without disclosing their use to patients to enhance treatment outcomes,Using placebos in research contexts and avoiding their use in clinical settings,,,B,Pharmacology for Canadian Health Care Practice,3 - Legal & Ethical Considerations
BSCN9300,Pharmacotherapeutics,T,What is the nurse’s role in the development of new and investigational drugs?,To select healthy older adult patients to participate in Phase I studies,To identify patients who receive a placebo drug during Phase III studies,To monitor and report any adverse effects observed during Phase IV studies,To inform patients of the specific drug they will receive during phase II studies,,,C,Pharmacology for Canadian Health Care Practice,3 - Legal & Ethical Considerations
BSCN9300,Pharmacotherapeutics,T,It is the professional responsibility of the nurse to do which of the following?,Use beneficence.,Withhold information from the patient as requested by the family.,Impose personal values on the patient when doing so would help the patient.,Transfer the care of a patient to another professional nurse if caring for the patient would violate personal ethical principles.,,,D,Pharmacology for Canadian Health Care Practice,3 - Legal & Ethical Considerations
BSCN9300,Pharmacotherapeutics,T,"Which of the following, in respect to the patient’s cultural practices, must the nurse keep in mind when providing drug therapy and other health practices?",Dietary habits and practices can be of little value to the care of a sick adult.,Most cultures are standard in regard to the use of medication during illness.,The use of some drugs elicits varied responses depending on the patient’s cultural practice.,"Regardless of the patient’s cultural background, it is crucial to adhere to recommended medical practices.",,,C,Pharmacology for Canadian Health Care Practice,3 - Legal & Ethical Considerations
BSCN9300,Pharmacotherapeutics,T,New drugs must go through extensive research and testing before approval for use in humans. The nurse knows that the average length of time a medication is researched before being prescribed for humans is how many years?,2 to 4,6 to 8,10 to 12,14 to 16,,,C,Pharmacology for Canadian Health Care Practice,3 - Legal & Ethical Considerations
BSCN9300,Pharmacotherapeutics,T,A pharmaceutical company is voluntarily conducting a post-marketing study to obtain further proof of the therapeutic effects of a new drug. What phase of drug study is this considered to be?,Phase I,Phase II,Phase III,Phase IV,,,D,Pharmacology for Canadian Health Care Practice,3 - Legal & Ethical Considerations
BSCN9300,Pharmacotherapeutics,T,"What federal law governs the collection, use, and disclosure of personal information?",Privacy and Confidentiality Act,Personal Health Information Protection Act,Personal Information Protection and Electronic Documents Act,Personal Health Information Access and Protection of Privacy Act,,,C,Pharmacology for Canadian Health Care Practice,3 - Legal & Ethical Considerations
BSCN9300,Pharmacotherapeutics,T,There are multiple factors that the nurse must be respectful of and unrestricted by when providing care. Which factors must the nurse consider?,Age,Culture,Social status,Disability,Sexual orientation,Colour,A|B|C|D|E|F,Pharmacology for Canadian Health Care Practice,3 - Legal & Ethical Considerations
BSCN9300,Pharmacotherapeutics,T,Which statement about the informed consent form related to an investigational drug study is accurate?,It should be written in a language understood by the patient,It should be dated accurately by the members of the research team,It should be signed by at least two witnesses other than the research team member,It should be completed immediately prior to the start of the study,,,A,Pharmacology for Canadian Health Care Practice,3 - Legal & Ethical Considerations
BSCN9300,Pharmacotherapeutics,T,Which scenario falls under the oversight of Natural Health Products Regulations?,A person taking a homeopathic medicine for a headache,A patient taking a blood pressure drug prescribed by a health care provider,A patient taking a sleeping pill prescribed by a psychiatrist,A nurse administering an intravenous sedative,,,A,Pharmacology for Canadian Health Care Practice,3 - Legal & Ethical Considerations
BSCN9300,Pharmacotherapeutics,T,Which patient's prescription drug cost would be covered by funds from the federal government?,Retired older adult,Indigenous young adult,Young child with cancer,Middle-aged health care provider,,,B,Pharmacology for Canadian Health Care Practice,3 - Legal & Ethical Considerations
BSCN9300,Pharmacotherapeutics,T,Which class of drugs is classified as having the highest potential for abuse and dependency?,Opioids,Cannabis,Barbiturates,Amphetamines,,,A,Pharmacology for Canadian Health Care Practice,3 - Legal & Ethical Considerations
BSCN9300,Pharmacotherapeutics,T,Which scenario would indicate that a preclinical investigation was done through the in vitro method?,Testing is done on living rats,Testing is done on a dead mammal,Testing is done on a human being,Testing is done on autopsy specimens,,,D,Pharmacology for Canadian Health Care Practice,3 - Legal & Ethical Considerations
BSCN9300,Pharmacotherapeutics,T,Which process would be selected if a pharmaceutical company asks for the urgent approval of a drug with the potential to treat a life-threatening disease?,Priority Review of Drug Submissions,Clinical safety and efficacy assessment,Postmarketing studies,Drug Identification Number assignment,,,A,Pharmacology for Canadian Health Care Practice,3 - Legal & Ethical Considerations
BSCN9300,Pharmacotherapeutics,T,Which factor can lead to the restriction of a drug in entering the market?,Low cost,High efficacy,Special marketing,Insurance coverage,,,C,Pharmacology for Canadian Health Care Practice,3 - Legal & Ethical Considerations
BSCN9300,Pharmacotherapeutics,T,Which change occurred as a result of the regulations included in the Special Access Programme in October 2013?,Access to products containing heroin was prevented,Access to lysergic acid diethylamide (LSD) was allowed in special cases,Epilepsy was excluded from the complication list,Special access to drugs was permitted for all patients,,,A,Pharmacology for Canadian Health Care Practice,3 - Legal & Ethical Considerations
BSCN9300,Pharmacotherapeutics,T,Which investigational drug study phase immediately precedes the introduction of a drug to the market,Preclinical trial,Clinical Phase I,Clinical Phase II,Clinical Phase III,,,D,Pharmacology for Canadian Health Care Practice,3 - Legal & Ethical Considerations
BSCN9300,Pharmacotherapeutics,T,Which statement is accurate about drug advertising?,Advertisements in public transit can make claims about the benefits of a drug,Consumer magazines can provide the efficacy claims of a prescription drug,Health care journal advertisements can publish claims about drugs,Drug companies are required to have advertisements reviewed and approved,,,C,Pharmacology for Canadian Health Care Practice,3 - Legal & Ethical Considerations
BSCN9300,Pharmacotherapeutics,AI,"A.L. is undergoing major surgery and asks the nurse about a living will. A.L. states, “I don’t want anybody making decisions for me. And I don’t want to prolong my life.” A.L. is demonstrating",Autonomy,Beneficence,Justice,Veracity,,,A,Pharmacology for Canadian Health Care Practice,3 - Legal & Ethical Considerations
BSCN9300,Pharmacotherapeutics,AI,"J.K. is being counselled for possible participation in a clinical trial for a new medication. After J.K. meets with the physician, the nurse is asked to obtain J.K.’s signature on the consent forms. The nurse knows that this “informed consent” indicates which of the following?","Once therapy has begun, the patient cannot withdraw from the clinical trial.",The patient has been informed of all potential hazards and benefits of the therapy.,The patient has received only the information that will help to make the clinical trial a success.,"No matter what happens, the patient will not be able to sue the researchers for damages.",,,B,Pharmacology for Canadian Health Care Practice,3 - Legal & Ethical Considerations
BSCN9300,Pharmacotherapeutics,AI,"A new drug has been approved for use, and the drug manufacturer has made it available for sale. During the first 6 months, Health Canada receives reports of severe adverse effects that were not discovered during the testing and considers whether to withdraw the drug. This illustrates which phase of investigational drug studies?",Phase I,Phase II,Phase III,Phase IV,,,D,Pharmacology for Canadian Health Care Practice,3 - Legal & Ethical Considerations
BSCN9300,Pharmacotherapeutics,AI,"When discussing the laws on legal marihuana use in Canada with a patient, which facts does the nurse consider?",Marihuana is considered a legal substance.,Medical marihuana is produced via Health Canada–regulated producers.,The Marihuana Medical Access Program governs the use of medical marihuana.,Licensed regulators are required to provide quarterly reports upon request to provincial and territorial licensing bodies.,Medical marihuana can legally be consumed in other forms.,,A|B|D|E,Pharmacology for Canadian Health Care Practice,3 - Legal & Ethical Considerations
BSCN9300,Pharmacotherapeutics,T,At which location do most fatal medication errors occur?,Long-term care facility,Hospital,Surgery center,Home,,,D,Pharmacology for Canadian Health Care Practice,6 - Medication Errors: Preventing & Responding
BSCN9300,Pharmacotherapeutics,T,Which situation is classified as an adverse drug event?,Drug reaction,Medication error,Allergic reaction,High-alert medication,Idiosyncratic reaction,,A|B|C|E,Pharmacology for Canadian Health Care Practice,6 - Medication Errors: Preventing & Responding
BSCN9300,Pharmacotherapeutics,T,Which medication is a high-alert medication and requires additional checks prior to administration?,Amoxicillin,Iron,Acetaminophen,Heparin,,,D,Pharmacology for Canadian Health Care Practice,6 - Medication Errors: Preventing & Responding
BSCN9300,Pharmacotherapeutics,T,Which step in the medication process is the last opportunity for the nurse to catch a medication error?,Dispensing,Procuring,Administering,Transcribing,,,C,Pharmacology for Canadian Health Care Practice,6 - Medication Errors: Preventing & Responding
BSCN9300,Pharmacotherapeutics,T,Which action increases the risk of a medication error?,Administering oral medication through a nasogastric tube,Splitting a tablet of medication in half,Administering a vaccine through a prefilled syringe,Taking medication out of the wrapper prior to administration,,,B,Pharmacology for Canadian Health Care Practice,6 - Medication Errors: Preventing & Responding
BSCN9300,Pharmacotherapeutics,T,Which factor can result in a communication breakdown and increase the risk of medication errors in the hospital?,Access to UpToDate,Rounding with the health care provider,Access to electronic health records,Working independently,,,D,Pharmacology for Canadian Health Care Practice,6 - Medication Errors: Preventing & Responding
BSCN9300,Pharmacotherapeutics,T,Which type of adverse drug event is often unpredictable?,Allergic reaction,Medication error,Idiosyncratic reaction,Patient misidentification,,,C,Pharmacology for Canadian Health Care Practice,6 - Medication Errors: Preventing & Responding
BSCN9300,Pharmacotherapeutics,T,Which nursing action would be a priority if the wrong medication was administered to the wrong patient?,Monitor the patient for rash.,Administer the correct medication.,Report the error to the charge nurse.,Notify the patient’s family.,,,C,Pharmacology for Canadian Health Care Practice,6 - Medication Errors: Preventing & Responding
BSCN9300,Pharmacotherapeutics,T,"According to the Institute for Safe Medication Practices (ISMP), which medications fall into the sound-alike, look-alike drugs category?",Metronidazole and metformin,Amoxicillin and allopurinol,Ibandronate and ibuprofen,Trazodone and tramadol,Carboplatin and cisplatin,,A|D|E,Pharmacology for Canadian Health Care Practice,6 - Medication Errors: Preventing & Responding
BSCN9300,Pharmacotherapeutics,T,Which action by the nurse would reduce the risk of a medication error?,Implementing a color-coded system for organizing medications in the storage area.,"Conducting a routine team huddle to discuss potential look-alike, sound-alike medications.",Standardizing abbreviations for medication names across all hospital departments.,Establishing a protocol for verbal medication orders during shift changes.,,,B,Pharmacology for Canadian Health Care Practice,6 - Medication Errors: Preventing & Responding
BSCN9300,Pharmacotherapeutics,T,Which resource would the nurse use to evaluate drug compatibility?,Lexicomp,Health Canada,Medscape,World Health Organization,,,A,Pharmacology for Canadian Health Care Practice,6 - Medication Errors: Preventing & Responding
BSCN9300,Pharmacotherapeutics,T,Which member of the health care team would be best for the nurse to contact regarding a query about medication administration?,Charge nurse,Pharmacist,Nurse manager,Health care provider,,,B,Pharmacology for Canadian Health Care Practice,6 - Medication Errors: Preventing & Responding
BSCN9300,Pharmacotherapeutics,T,Which action will the nurse take to prevent medication errors?,Request the use of verbal orders by the health care provider.,Utilize two patient identifiers before giving medications.,Use trailing zeros when transcribing medication orders.,Administer exclusively self-prepared medications.,Avoid the use of leading zeros when writing verbal orders.,,B|D,Pharmacology for Canadian Health Care Practice,6 - Medication Errors: Preventing & Responding
BSCN9300,Pharmacotherapeutics,T,Which pediatric patient has the highest risk of experiencing a medication error?,A 1-month-old infant receiving intravenous medication in the neonatal intensive care unit (NICU),A 10-year-old child receiving oral antibiotics in a general pediatric unit,An 8-year-old child receiving a scheduled vaccination in a primary care office,A 14-year-old adolescent receiving oral pain medication in a pediatric orthopedic unit,,,A,Pharmacology for Canadian Health Care Practice,6 - Medication Errors: Preventing & Responding
BSCN9300,Pharmacotherapeutics,T,Which step of the medication reconciliation process involves the nurse reviewing the information to ensure all medications and dosages are appropriate for the patient?,Verification,Clarification,Reconciliation,Documentation,,,B,Pharmacology for Canadian Health Care Practice,6 - Medication Errors: Preventing & Responding
BSCN9300,Pharmacotherapeutics,T,Which nursing action is likely to lead to a medication error?,Double-checking medication orders with another nurse,Using a standardized medication reconciliation process during patient transitions,Obtaining a verbal order from the health care provider for a routine medication,Checking that the patient's allergy status is documented in the medical record,,,C,Pharmacology for Canadian Health Care Practice,6 - Medication Errors: Preventing & Responding
BSCN9300,Pharmacotherapeutics,T,Which type of patient safety event occurs when the nurse notices during double-checking that 1 000 mcg of octreotide was drawn up instead of the ordered 200 mcg?,Harmful incident,Medication error,No-harm incident,Near miss,,,D,Pharmacology for Canadian Health Care Practice,6 - Medication Errors: Preventing & Responding
BSCN9300,Pharmacotherapeutics,T,Which action taken by the nurse is considered to be negligence?,Administering a non-urgent medication 30 minutes later than scheduled due to an emergency with another patient,Relying on a verbal report from the previous shift about a patient's medication allergies,Using an approved abbreviation in medication documentation that is unfamiliar to new staff,Rounding a patient's weight from 72.7 kg to 73 kg for medication dosage calculations,,,B,Pharmacology for Canadian Health Care Practice,6 - Medication Errors: Preventing & Responding
BSCN9300,Pharmacotherapeutics,T,Which action can help prevent medication errors for the nurse who is trying to complete a medication pass for a 68-year-old patient with multiple chronic conditions newly admitted to a busy medical-surgical unit?,Verify the patient's identity using two identifiers before administering any medication.,Ask the patient about their drug allergies during medication administration.,Check the patient's recent lab results before administering medications.,Ask a colleague to retrieve the patient’s medications to ensure timely administration.,Document the reason for use of each medication in the administration record.,,A|C|E,Pharmacology for Canadian Health Care Practice,6 - Medication Errors: Preventing & Responding
BSCN9300,Pharmacotherapeutics,T,Which statement represents information the nurse would document when a medication error has occurred?,“The medication order dosage unit read as microgram instead of milligram.”,“The medication administration error took place at 1535.”,“The patient received Ceftriaxone instead of the prescribed Cefazolin.”,“The patient’s mother was present during the administration of the medication.”,“The patient’s blood pressure decreased to 85/60 post drug administration.”,,A|C|E,Pharmacology for Canadian Health Care Practice,6 - Medication Errors: Preventing & Responding
BSCN9300,Pharmacotherapeutics,T,Which action is the most appropriate for the nurse to prevent medication errors when receiving a patient who is being transferred from another unit?,Participate in a bedside verbal report from the transferring nurse.,Ask the patient which medications they received in the other unit.,Perform a medication reconciliation upon arrival at the receiving unit.,Request the health care provider to rewrite all the medication orders.,,,C,Pharmacology for Canadian Health Care Practice,6 - Medication Errors: Preventing & Responding
BSCN9300,Pharmacotherapeutics,T,Which problem is a common cause of medication errors when determining the correct dosage of medication ordered for pediatric patients?,Unfamiliarity of the dosage calculation equation,Infrequent use of dosage calculations,Distractions while giving medications,Infrequent communication with caregivers,Misplaced decimal point in the prescription,,A|B|E,Pharmacology for Canadian Health Care Practice,6 - Medication Errors: Preventing & Responding
BSCN9300,Pharmacotherapeutics,T,Which action would the nurse take first after causing a harmful medication error?,Apologize to the patient and family for the error.,Report the error to the appropriate personnel.,Complete relevant incident reporting documentation.,Seek and obtain legal advice and representation.,,,B,Pharmacology for Canadian Health Care Practice,6 - Medication Errors: Preventing & Responding
BSCN9300,Pharmacotherapeutics,T,Which order for haloperidol would the nurse consider to be written accurately?,Haloperidol .25 mg,Haloperidol 0.25 mg,Haloperidol 0.250 mg,Haloperidol .250 mg,,,B,Pharmacology for Canadian Health Care Practice,6 - Medication Errors: Preventing & Responding
BSCN9300,Pharmacotherapeutics,T,Which term describes a procedure implemented by health care providers to maintain an accurate and up-to-date list of medications for all patients between all phases of health care delivery?,Review,Adherence,Reconciliation,Revision,,,C,Pharmacology for Canadian Health Care Practice,6 - Medication Errors: Preventing & Responding
BSCN9300,Pharmacotherapeutics,T,"Which agency aids in legal advice, risk management services, legal assistance, and professional liability protection concerning nursing practice?",Canadian Nurses Protective Society,Canadian Nurses Association,College of Nurses of Ontario,Canadian Patient Safety Institute,,,A,Pharmacology for Canadian Health Care Practice,6 - Medication Errors: Preventing & Responding
BSCN9300,Pharmacotherapeutics,T,Which term describes any undesirable occurrence concerning administration of or failure to administer a prescribed medication?,Adverse drug reaction,Allergic reaction,Idiosyncratic reaction,Adverse drug event,,,D,Pharmacology for Canadian Health Care Practice,6 - Medication Errors: Preventing & Responding
BSCN9300,Pharmacotherapeutics,T,Which phrase describes a non-punitive work atmosphere for reporting errors,Judgement-free zone,Fair culture,Safe space,Just culture,,,D,Pharmacology for Canadian Health Care Practice,6 - Medication Errors: Preventing & Responding
BSCN9300,Pharmacotherapeutics,T,Which action demonstrates that the nurse understands the rights for drug administration?,Administers the drug at the assigned time,Washes hands before handling a drug,Checks the drug dosage against the order,Assesses for pain before giving a drug for pain,Educates the patient about the new drug,,A|C|D|E,Pharmacology for Canadian Health Care Practice,10 - Principles of Drug Administration
BSCN9300,Pharmacotherapeutics,T,Which activity would be performed as part of the first medication check?,Compare the medication label with the medication order.,Observe the medication container before opening.,Obtain a second nurse to review the medication.,Review the patient’s ID band for verification.,,,A,Pharmacology for Canadian Health Care Practice,10 - Principles of Drug Administration
BSCN9300,Pharmacotherapeutics,T,Which step will the nurse take to ensure the safe handling of a drug?,Assess the patient’s condition and vital signs prior to administration of a drug.,Obtain a witness if a scheduled drug has not been taken and needs to be discarded.,Open the drugs in the med room before bringing them into the patient’s room.,Return refused opened drugs to the automated medication dispenser.,,,B,Pharmacology for Canadian Health Care Practice,10 - Principles of Drug Administration
BSCN9300,Pharmacotherapeutics,T,Which action would the nurse complete when administering an oral medication?,Instruct the patient to chew effervescent tablets.,Position the patient in a side-lying position.,Place the medication between the teeth and cheek.,Mix opened sustained-release medications in pudding.,,,B,Pharmacology for Canadian Health Care Practice,10 - Principles of Drug Administration
BSCN9300,Pharmacotherapeutics,T,Which consideration would be appropriate for the administration of sublingual medication?,Alternate sides of the mouth when administering each dose.,The patient should be offered enough water to swallow the medication.,The medication should be measured in a calibrated cup or syringe.,The medication must be held in the patient’s mouth until dissolved.,,,D,Pharmacology for Canadian Health Care Practice,10 - Principles of Drug Administration
BSCN9300,Pharmacotherapeutics,T,Which approach would the nurse use when administering a liquid medication to an infant?,Add the medication to a bottle of formula.,Mix the medication in milk or orange juice.,Place the medication inside an empty nipple.,Administer the dose quickly to avoid refusal.,,,C,Pharmacology for Canadian Health Care Practice,10 - Principles of Drug Administration
BSCN9300,Pharmacotherapeutics,T,Which step will the nurse complete before administering a medication through a nasogastric tube?,Check for gastric residual volumes.,Position the patient onto their left side.,Have the patient defecate before administration.,Assess for the presence of a swallowing reflex.,,,A,Pharmacology for Canadian Health Care Practice,10 - Principles of Drug Administration
BSCN9300,Pharmacotherapeutics,T,Which information is essential for the nurse to provide to a patient who will be receiving rectal medication?,“You should lay flat with your hips elevated for 5–10 minutes afterward.”,“You should lay on your left side for 15–20 minutes post-administration.”,“You must remain with your head elevated for 30 minutes.”,“You can assume whatever position is comfortable after administration.”,,,B,Pharmacology for Canadian Health Care Practice,10 - Principles of Drug Administration
BSCN9300,Pharmacotherapeutics,T,Which consideration would the nurse take into account when administering a vaginal medication?,Administer the medication at bedtime when possible.,The medication should be mixed with water prior to administering.,Administration will require the use of a calibrated syringe.,The patient should be asked to defecate prior to administration.,,,A,Pharmacology for Canadian Health Care Practice,10 - Principles of Drug Administration
BSCN9300,Pharmacotherapeutics,T,Which precaution would the nurse employ when administering a medication?,Wash hands with antimicrobial soap and water.,Consult with a pharmacist if unsure of a dosage.,Assess for allergies to latex or medications.,Maintain punctuality with medication timing.,Discard needles in the waste container.,,A|B|C|D,Pharmacology for Canadian Health Care Practice,10 - Principles of Drug Administration
BSCN9300,Pharmacotherapeutics,T,Which nursing action would ensure that a drug is administered for the right reason?,Check the patient’s identification bracelet.,Assess the patient’s plasma glucose level.,Explain the possible side effects of the drug.,Document drug administration in the eMAR or MAR.,,,B,Pharmacology for Canadian Health Care Practice,10 - Principles of Drug Administration
BSCN9300,Pharmacotherapeutics,T,Which step would the nurse complete when administering oral medications for a patient with dysphagia?,Crush each pill individually and mix it with applesauce.,Don gloves and place the pill directly in the patient’s mouth.,Place the patient in a left lateral recumbent position.,Assess the residual gastric volume before administering.,,,A,Pharmacology for Canadian Health Care Practice,10 - Principles of Drug Administration
BSCN9300,Pharmacotherapeutics,T,Which instruction would the nurse provide when administering a buccal medication?,“Maintain an upright position for at least 30 minutes.”,“Place the medication directly under your tongue.”,“Avoid swallowing until the medication has dissolved.”,“Mix the medication in a soft food if desired.”,,,C,Pharmacology for Canadian Health Care Practice,10 - Principles of Drug Administration
BSCN9300,Pharmacotherapeutics,T,Which action by the nurse would be appropriate when preparing a liquid medication?,Pour excess medication back into the multidose bottle.,Shake the medication bottle to mix the contents.,Draw up the medication with a hypodermic syringe.,Use a calibrated syringe for small volumes.,Fill the medication cup at eye level.,,B|D|E,Pharmacology for Canadian Health Care Practice,10 - Principles of Drug Administration
BSCN9300,Pharmacotherapeutics,T,Which education would the nurse provide to the parent regarding the administration of oral medication for an infant?,“Use honey to improve the taste if needed.”,“Give the medication quickly when the infant is crying.”,“Position the infant in a flat supine position.”,“Partially restrain the infant if required.”,,,D,Pharmacology for Canadian Health Care Practice,10 - Principles of Drug Administration
BSCN9300,Pharmacotherapeutics,T,Which consideration would be applicable when administering medication via a nasogastric tube?,,,,,,,,Pharmacology for Canadian Health Care Practice,10 - Principles of Drug Administration
BSCN9300,Pharmacotherapeutics,T,Which intervention by the nurse would be appropriate for a child receiving a rectal medication?,Gently hold the buttocks in place for 5–10 minutes.,Provide detailed instructions for self-administration.,Have the patient lay on their right side.,Ask the patient to empty the bladder.,,,A,Pharmacology for Canadian Health Care Practice,10 - Principles of Drug Administration
BSCN9300,Pharmacotherapeutics,T,Which instruction would the nurse provide for a patient preparing to self-administer a vaginal medication?,“You should remain lying down for as long as possible after administration.”,“You need to clean the reusable applicator with soap and water.”,“You can apply a peri pad when you get up if needed.”,“You should hold the medication until the urge to expel passes.”,“You should not crush enteric-coated preparations.”,,A|B|C,Pharmacology for Canadian Health Care Practice,10 - Principles of Drug Administration
BSCN9300,Pharmacotherapeutics,T,Which part is found on a saline lock prefilled syringe that is used to administer parenteral drugs?,Needle-stick prevention device,Plunger,Barrel with calibration,Cap,Bevel opening,Hub,B|C|D,Pharmacology for Canadian Health Care Practice,10 - Principles of Drug Administration
BSCN9300,Pharmacotherapeutics,T,Which example demonstrates the use of a sterile technique to remove medication from an ampoule?,The nurse holds the needle by the hub.,The top is broken off with an alcohol swap.,The filter needle is placed against the rim to insert.,The nurse tilts the syringe to the side to remove excess fluid.,,,D,Pharmacology for Canadian Health Care Practice,10 - Principles of Drug Administration
BSCN9300,Pharmacotherapeutics,T,Which decision would require the nurse to consult institutional policy?,Use of multidose medication vials that expired,Selection of the needle to draw medication out of a vial,Change of needle after drawing up medication from a vial,Determination of a syringe type to draw up insulin,,,B,Pharmacology for Canadian Health Care Practice,10 - Principles of Drug Administration
BSCN9300,Pharmacotherapeutics,T,Which administration protocol would be appropriate for an intramuscular injection of viscous solution to an average size adult?,Use a 20-gauge needle.,Insert the needle at a 45-degree angle.,Limit the amount to 4 mL in one injection.,Select a 20 mm length needle.,,,A,Pharmacology for Canadian Health Care Practice,10 - Principles of Drug Administration
BSCN9300,Pharmacotherapeutics,T,Which action would reduce the risk of a hematoma when administering low-molecular-weight heparin?,Wipe the site with alcohol after the injection.,Aspirate prior to injection.,Inject a small air bubble with the medication.,Inject three centimeters away from the umbilicus.,,,C,Pharmacology for Canadian Health Care Practice,10 - Principles of Drug Administration
BSCN9300,Pharmacotherapeutics,T,Which site would be avoided for a subcutaneous injection?,Anterior upper leg,Upper posterior thorax (scapula area),Anterior lower arm,Outer lower abdomen,,,C,Pharmacology for Canadian Health Care Practice,10 - Principles of Drug Administration
BSCN9300,Pharmacotherapeutics,T,Which action will be performed by the nurse administering an intramuscular injection?,Place the dominant hand to hold the skin taut for the injection.,Insert the needle slowly into the muscle.,Give the injection quickly over 2 to 3 seconds.,Wait 10 seconds before removing the needle after the injection.,,,D,Pharmacology for Canadian Health Care Practice,10 - Principles of Drug Administration
BSCN9300,Pharmacotherapeutics,T,Which hand position would be used to locate the ventrogluteal injection site?,Thumb points toward the posterior iliac crest,Index finger on the anterosuperior iliac spine,Middle finger on the greater trochanter,Palm of hand over the upper thigh,,,B,Pharmacology for Canadian Health Care Practice,10 - Principles of Drug Administration
BSCN9300,Pharmacotherapeutics,T,Which complication would occur if the deltoid intramuscular injection is administered one hand width below the acromion process?,Saitic nerve injury,Brachial artery administration,Tissue inflammation,Radial nerve injury,Altered absorption,Leg pain,B|C|D|E,Pharmacology for Canadian Health Care Practice,10 - Principles of Drug Administration
BSCN9300,Pharmacotherapeutics,T,Which information would the nurse verify with a pharmacist prior to administering an intravenous medication?,Intravenous line patency,Medication dilution,Infusion site condition,Infusion bag expiration,,,B,Pharmacology for Canadian Health Care Practice,10 - Principles of Drug Administration
BSCN9300,Pharmacotherapeutics,T,Which consideration would be appropriate to set up an intravenous piggyback (IVPB) infusion?,IVPB is added to the primary line at the refrigerated temperature.,IVPB is hung below the level of the primary bag.,Primary line fluid is used to clear air from the IVPB tubing.,"The primary roller clamp is closed, and the IVPB clamp is open for the infusion.",,,C,Pharmacology for Canadian Health Care Practice,10 - Principles of Drug Administration
BSCN9300,Pharmacotherapeutics,T,Which technique would be recommended to flush a port before an IV push medication?,"Slowly, by timing with a watch",With one quick push,In partial amounts with a pause,Until resistance is overcome,,,C,Pharmacology for Canadian Health Care Practice,10 - Principles of Drug Administration
BSCN9300,Pharmacotherapeutics,T,Which practice related to drug administration is correct?,An uncapped needle is placed in the sharps container.,A safety device is activated on a used needle.,A cap on the counter is used to recap an unused needle.,A cap is placed on a used needle by the hand.,The unused needle touches the rim of the vial.,,A|B|C,Pharmacology for Canadian Health Care Practice,10 - Principles of Drug Administration
BSCN9300,Pharmacotherapeutics,T,Which action would the nurse perform to obtain an accurate amount of medication from the ampoule?,Discard fluid in the ampoule neck.,Invert the ampoule to withdraw the medication.,Add air to the ampoule before withdrawing fluid.,Return excess fluid from the syringe into the ampoule.,,,B,Pharmacology for Canadian Health Care Practice,10 - Principles of Drug Administration
BSCN9300,Pharmacotherapeutics,T,Which step would the nurse perform first while drawing insulin from two insulin vials into one syringe?,Inject air into the vial with rapid-acting insulin.,Draw up rapid-acting insulin from the vial.,Inject air into the vial with long-acting insulin.,Draw up long-acting insulin from the vial.,,,C,Pharmacology for Canadian Health Care Practice,10 - Principles of Drug Administration
BSCN9300,Pharmacotherapeutics,T,Which question would the nurse ask a young child before pushing an injection?,“Are you ready for the needle to go in?”,“What bandage colour would you like?”,“Could you hold the alcohol wipe for me?”,“Would you like a pain relief patch after the shot?”,,,B,Pharmacology for Canadian Health Care Practice,10 - Principles of Drug Administration
BSCN9300,Pharmacotherapeutics,T,Which method would ensure the correct placement of an intradermal needle?,The needle tip is visualized through the skin.,The 10-mm needle is placed at least 6-mm deep into the skin.,The needle is inserted at a 25-degree angle to the skin.,The skin is pinched during needle insertion.,,,A,Pharmacology for Canadian Health Care Practice,10 - Principles of Drug Administration
BSCN9300,Pharmacotherapeutics,T,Which patient statement would indicate correct understanding about the use of an insulin pen?,“I will draw insulin from a vial into the pen.”,“I will use less needles with the pen.”,“I don’t have to read calibration lines on the pen.”,“I dispose of a pen after each use.”,,,C,Pharmacology for Canadian Health Care Practice,10 - Principles of Drug Administration
BSCN9300,Pharmacotherapeutics,T,Which technique would be used by a nurse following the Z-track method?,Stretching the skin taut before injecting,Cleansing the site in a back-and-forth motion before injecting,Pulling back on the syringe before injecting,Adding an air bubble to the medication in the syringe,,,A,Pharmacology for Canadian Health Care Practice,10 - Principles of Drug Administration
BSCN9300,Pharmacotherapeutics,T,Which injection site would be appropriate for the patient’s age?,Dorsogluteal for a 12-year-old child,Ventrogluteal for a 6-month-old infant,Deltoid for a 1-month-old infant,Vastus lateralis for a 1-month-old newborn,,,D,Pharmacology for Canadian Health Care Practice,10 - Principles of Drug Administration
BSCN9300,Pharmacotherapeutics,T,"When administering an intravenous piggyback (IVPB) medication, which action would result in the delivery of a dose below the expected amount?",Use a full intravenous fluid bag for IVPB dilution.,Squeeze the IVBP with an attached vial during the infusion.,Prime the IVPB tubing with fluid that backflows from the primary line.,Attach the IVBP line to a port above an infusion pump.,,,B,Pharmacology for Canadian Health Care Practice,10 - Principles of Drug Administration
BSCN9300,Pharmacotherapeutics,T,Which method would the nurse use to administer intravenous adenosine?,Fast intravenous push into a port closest to the patient,Intravenous piggyback (IVPB) by a fast gravity flow,Slow injection by syringe into a port close to the primary bag,Intravenous piggyback (IVPB) with a smart pump,,,A,Pharmacology for Canadian Health Care Practice,10 - Principles of Drug Administration
BSCN9300,Pharmacotherapeutics,T,Which step would the nurse follow when administering eye drops?,Ensure eye drops are applied directly to the cornea.,Have the patient shut their eyes after administration.,Administer drops from the inner canthus to the outer canthus.,Use the nondominant hand to pull the lower lid open.,,,D,Pharmacology for Canadian Health Care Practice,10 - Principles of Drug Administration
BSCN9300,Pharmacotherapeutics,T,Which action would the nurse take when administering a refrigerated eardrop to an infant?,Pull the pinna up and back.,Warm the ear medication.,Pack cotton into the ear.,Instill drops onto the eardrum.,,,B,Pharmacology for Canadian Health Care Practice,10 - Principles of Drug Administration
BSCN9300,Pharmacotherapeutics,T,Which step would the nurse include when administering a nasal drop for the posterior pharynx?,Determine if the patient has a history of nasal fractures.,Position the patient in the supine position and support the head.,Have the patient tilt their head forward and to the left side.,Allow the patient to blow their nose prior to administration.,Insert the dropper 1 cm into the center of the nostril.,Keep the patient lying flat for five minutes after instillation.,A|B|D|F,Pharmacology for Canadian Health Care Practice,10 - Principles of Drug Administration
BSCN9300,Pharmacotherapeutics,T,Which action by the nurse during the administration of corticosteroids with a metered-dose inhaler would require correction?,Holds the medication inhaler upright,Shakes the medication before use,Removes the spacer out of the inhaler,Instructs the patient to tilt the head back,,,C,Pharmacology for Canadian Health Care Practice,10 - Principles of Drug Administration
BSCN9300,Pharmacotherapeutics,T,Which patient behaviour indicates a correct understanding of how to clean a spacer for a metered-dose inhaler?,Soaks the disassembled spacer in 1:5 alcohol and water,Rinses the spacer in chlorhexidine and dries it with a towel,"Places the spacer in warm, soapy water and moves it lightly",Submerges the spacer in boiling water for 5–10 minutes,,,C,Pharmacology for Canadian Health Care Practice,10 - Principles of Drug Administration
BSCN9300,Pharmacotherapeutics,T,Which patient action demonstrates appropriate use of a nasal spray medication?,Lays in the supine position with pillows under the head,Presses a finger against the outer naris before inhaling,Holds the nasal spray just below the appropriate nostril,Tilts their head backward with the nose angled upward,,,B,Pharmacology for Canadian Health Care Practice,10 - Principles of Drug Administration
BSCN9300,Pharmacotherapeutics,T,Which action will help prevent the systemic absorption of eye medications?,Gently massage the lacrimal gland above the eye with a moistened tissue.,Use a gloved finger wrapped in tissue to press the nasolacrimal duct.,Press the forefinger and thumb onto the lacrimal sac on either side of the nose.,Have the patient keep their eyes open while massaging the tear ducts with a gloved hand.,,,B,Pharmacology for Canadian Health Care Practice,10 - Principles of Drug Administration
BSCN9300,Pharmacotherapeutics,T,Which action would the nurse take to safely apply nitroglycerin ointment?,Massage or rub the nitroglycerin ointment into the skin.,Apply a thick line of ointment on the nitroglycerin paper.,Remove the old medication before applying a new dose.,Ensure the next dose is applied in the same general area.,,,C,Pharmacology for Canadian Health Care Practice,10 - Principles of Drug Administration
BSCN9300,Pharmacotherapeutics,T,Which step would be included when applying a transdermal medication patch?,Change the time of administration slightly each day.,Ensure the transdermal patch is applied to a clean site without lotion.,Select a location that is free of scratches and cuts.,Cut the transdermal patch to fit in a nonhairy site.,Shave the desired application area before applying.,Fold the old patch with the medication side facing outward.,B|C,Pharmacology for Canadian Health Care Practice,10 - Principles of Drug Administration
BSCN9300,Pharmacotherapeutics,T,Which patient behaviour demonstrates an appropriate understanding of how to properly administer an inhaled steroid medication?,Rinses their mouth with water after inhalation,Avoids eating 15 minutes after using an inhaler,Gargles using mouthwash after administration,Swishes mouth with nystatin after each inhalation,,,A,Pharmacology for Canadian Health Care Practice,10 - Principles of Drug Administration
BSCN9300,Pharmacotherapeutics,T,Which method will the nurse use to administer medicated topical cream?,Using a gloved hand,Using a sterile tongue depressor,Squeezing directly onto the skin,Asking the patient to self-administer,,,A,Pharmacology for Canadian Health Care Practice,10 - Principles of Drug Administration
BSCN9300,Pharmacotherapeutics,T,Which term describes an intravenous piggyback infusion?,Primary infusion,Secondary infusion,Backpriming,Intravenous push,,,B,Pharmacology for Canadian Health Care Practice,10 - Principles of Drug Administration
BSCN9300,Pharmacotherapeutics,T,For which purpose will the nurse remove ear medication from the refridgerator 30 minutes prior to administration?,Ensure absorption,Penetrate cerumen,Prevent discomfort,Minimize infection,,,C,Pharmacology for Canadian Health Care Practice,10 - Principles of Drug Administration
BSCN9300,Pharmacotherapeutics,T,Which receptor is primarily involved in pain transmission?,Mu (μ) receptors,Delta (δ) receptors,Zeta (ζ) receptors,Dopamine receptors (D1),Kappa (κ) receptors,,A|B|E,Pharmacology for Canadian Health Care Practice,11 - Analgesic Drugs
BSCN9300,Pharmacotherapeutics,T,Which description applies to pain tolerance?,Refers to the amount of pain a patient can endure without disrupting normal function,Refers to the level of stimulus required to evoke a pain sensation in a patient,Can fluctuate within the same individual depending on circumstances,Refers to the amount of time elapsed before a stimulus is reported as painful,"Is subjective and varies among individuals, with many influencing factors",,A|C|E,Pharmacology for Canadian Health Care Practice,11 - Analgesic Drugs
BSCN9300,Pharmacotherapeutics,T,"Which enzyme, as a result of genetic variation, can impact the effectiveness of a medication, regardless of the patient’s addiction status?",3-hydroxy-3-methyl-glutaryl-coenzyme A reductase,GTP cyclohydrolase I (GTPCH),Cytochrome P450 enzymes,Cyclooxygenase-1 (COX-1),,,C,Pharmacology for Canadian Health Care Practice,11 - Analgesic Drugs
BSCN9300,Pharmacotherapeutics,T,Which nursing action would be performed when an opioid pain regime for neuropathic pain is not completely effective?,Decrease the dose of opioids being administered.,Promote the use of nonpharmacological methods.,Use drugs with a long duration of action.,Advocate for the use of adjuvant drug therapy.,Discontinue opioid therapy immediately to reassess the regime.,,B|D,Pharmacology for Canadian Health Care Practice,11 - Analgesic Drugs
BSCN9300,Pharmacotherapeutics,T,Which information would the nurse include when providing education about nonpharmacological pain interventions?,“Pain medications will only need to be given as needed.”,“Biofeedback will replace your pain medication.”,“This may allow for lower doses of your pain management medications.”,“Biofeedback should only be used when pharmacological options stop working.”,,,C,Pharmacology for Canadian Health Care Practice,11 - Analgesic Drugs
BSCN9300,Pharmacotherapeutics,T,"Which anatomical location transmits pain signals to the spinal cord and brain, leading to the sensation of visceral pain?",Syndesmosis joint,Anterior cruciate ligament,Liver,Hamstring muscles,,,C,Pharmacology for Canadian Health Care Practice,11 - Analgesic Drugs
BSCN9300,Pharmacotherapeutics,T,"Which type of pain-conducting nerve fibre is responsible when a patient reports a dull, aching pain in their left leg that is poorly localized?",A-beta,A-delta,B,C,,,D,Pharmacology for Canadian Health Care Practice,11 - Analgesic Drugs
BSCN9300,Pharmacotherapeutics,T,Which characteristic would be observed in C nerve fibres?,Fast conduction speed,Large fibre size,Sharp and localized pain,Lack of myelination,,,D,Pharmacology for Canadian Health Care Practice,11 - Analgesic Drugs
BSCN9300,Pharmacotherapeutics,T,Which action would the nurse take to prevent cardiac arrest secondary to respiratory distress?,Administering an opioid antagonist (naloxone hydrochloride),Lowering the opioid dosage slowly to minimize withdrawal symptoms,Advocating for the use of adjuvant drugs to assist the primary drugs in relieving pain,Encouraging the patient to ambulate regularly,Informing the patient not to chew or crush their extended-release opioid drug,,A|C|E,Pharmacology for Canadian Health Care Practice,11 - Analgesic Drugs
BSCN9300,Pharmacotherapeutics,T,Which prescription would be preferred when a patient with a known addiction to opioids requires treatment for acute pain related to a procedure?,Methadone,Oramorph liquid,Codeine,Hydrocodone,,,A,Pharmacology for Canadian Health Care Practice,11 - Analgesic Drugs
BSCN9300,Pharmacotherapeutics,T,Which therapeutic effect is associated with the use of hydrocodone?,Enhances surgical anaesthesia,Provides immediate postoperative pain relief,Relieves cough,Improves bowel function,,,C,Pharmacology for Canadian Health Care Practice,11 - Analgesic Drugs
BSCN9300,Pharmacotherapeutics,T,Which assessment finding is a contraindication for morphine administration?,Frequent urination,Diminished breath sounds,Hyperactive bowel sounds,Redness at the injection site,,,B,Pharmacology for Canadian Health Care Practice,11 - Analgesic Drugs
BSCN9300,Pharmacotherapeutics,T,Which technique would be used for naloxone 0.4 mg/mL intramuscular (IM) treatment?,Administer a dose promptly before starting rescue breathing.,Give a second dose after 10 minutes if the breathing rate is below normal.,Re-dose at 1 hour if the breathing rate declines.,Continue periodic doses until opioid withdrawal is achieved.,,,C,Pharmacology for Canadian Health Care Practice,11 - Analgesic Drugs
BSCN9300,Pharmacotherapeutics,T,Which medication recommendation would result in safe treatment with an opioid?,Codeine orally for a 4-year-old patient with a cough,Hydromorphone for a 26-year-old postoperative patient with renal insufficiency,Fentanyl patch for a 48-year-old patient with postoperative pain,Meperidine hydrochloride for an 80-year-old patient with a migraine headache,,,B,Pharmacology for Canadian Health Care Practice,11 - Analgesic Drugs
BSCN9300,Pharmacotherapeutics,T,Which statement applies to buprenorphine hydrochloride in combination with naloxone (Suboxone)?,“This drug combination reduces hypersensitivity for a patient who had a previous opioid reaction.”,“A cancer patient will receive stronger pain relief from this drug combination.”,“A patient with a history of opioid addiction will have fewer cravings with this drug combination.”,“A patient with opioid dependency will have better pain relief with this drug combination.”,,,C,Pharmacology for Canadian Health Care Practice,11 - Analgesic Drugs
BSCN9300,Pharmacotherapeutics,T,Which prescription exceeds the usual adult dosage range?,Methadone hydrochloride titrated up to 10 mg tablet per day until cravings cease,"Morphine sulphate, continuous-release, 50 mg tablet every 24 hours for chronic severe pain","Acetaminophen in combination with opioids, 1 000 mg tablet every 12 hours for pain management",Fentanyl continuous infusion of 1 mcg/kg/hr for 24 hours during recovery in the intensive care unit,,,A,Pharmacology for Canadian Health Care Practice,11 - Analgesic Drugs
BSCN9300,Pharmacotherapeutics,T,Which patient would benefit from acetaminophen?,A patient with an elevated body temperature who has hepatitis,A patient who has generalized muscle aches and influenza,A patient who has a headache and a gastric ulcer,A patient who has a high pain level and nausea after surgery,A patient who has pain from a dental procedure and will resume antiplatelet medication,A patient who has abdominal pain and a glucose-6-phosphate dehydrogenase (G6PD) enzyme deficiency,B|C|E,Pharmacology for Canadian Health Care Practice,11 - Analgesic Drugs
BSCN9300,Pharmacotherapeutics,T,Which action would be taken first for a patient who has back pain unrelieved by 8 000 mg of acetaminophen within the last 6 hours?,Schedule physical therapy.,Request a serum acetaminophen concentration.,Administer acetylcysteine as prescribed.,Inquire about a prescription for an opioid medication.,,,B,Pharmacology for Canadian Health Care Practice,11 - Analgesic Drugs
BSCN9300,Pharmacotherapeutics,T,Which patient statement would prevent tramadol hydrochloride administration?,“I just ate a meal.”,“Acetaminophen does not relieve my pain.”,“I have difficulty sleeping.”,“I am allergic to morphine.”,,,D,Pharmacology for Canadian Health Care Practice,11 - Analgesic Drugs
BSCN9300,Pharmacotherapeutics,T,Which opioid category would be effective for chronic pain management based on the receptor action?,Agonist to μ (mu),Agonist–antagonist to μ (mu),Antagonists to μ (mu),Competitive antagonist to μ (mu),,,A,Pharmacology for Canadian Health Care Practice,11 - Analgesic Drugs
BSCN9300,Pharmacotherapeutics,T,Which patient assessment observation would indicate morphine overdose?,Scratches on the injection site,Comments about feeling “high”,Sleeps during blood pressure assessment,Reports nausea and refuses to drink fluids,,,C,Pharmacology for Canadian Health Care Practice,11 - Analgesic Drugs
BSCN9300,Pharmacotherapeutics,T,Which treatment plan would minimize symptoms of opioid withdrawal?,Limit drug usage to only 2 weeks.,Use short-acting instead of long-acting drugs.,Avoid increasing dosage during chronic use.,Reduce drug dosage slowly when managing chronic pain.,,,D,Pharmacology for Canadian Health Care Practice,11 - Analgesic Drugs
BSCN9300,Pharmacotherapeutics,T,Which patient information is a contraindication for methadone treatment?,Diagnosis of metastatic cancer,Neuropathy from chemotherapy,History of opioid addiction,Antihistamine use for seasonal allergies,Elevated alanine aminotransferase (ALT) serum levels,Alcohol misuse,D|E|F,Pharmacology for Canadian Health Care Practice,11 - Analgesic Drugs
BSCN9300,Pharmacotherapeutics,T,Which benefit would be expected when controlled-release oxycodone hydrochloride is used in combination with naloxone (Targin®) for pain reduction?,Maintain regular bowel movements,Prevent respiratory rate suppression,Avoid drowsiness when awake,Reduce nausea and vomiting,,,A,Pharmacology for Canadian Health Care Practice,11 - Analgesic Drugs
BSCN9300,Pharmacotherapeutics,T,Which medication use is acceptable for an infant?,Fentanyl for procedural sedation,Meperidine hydrochloride for trauma pain,Naloxone hydrochloride for opioid depression,Morphine sulphate continuous release for pain,,,C,Pharmacology for Canadian Health Care Practice,11 - Analgesic Drugs
BSCN9300,Pharmacotherapeutics,T,Which complication would a patient experience if Tylenol with codeine no-1 TAB® is administered every four hours for 24 hours instead of the prescribed Tylenol with codeine no-4 TAB®?,Liver impairment,Ineffective pain relief,Excessive sleepiness,Prolonged vomiting,,,B,Pharmacology for Canadian Health Care Practice,11 - Analgesic Drugs
BSCN9300,Pharmacotherapeutics,T,Which benefit would be derived from replacing hydrocodone with acetaminophen?,Safe with moderate amounts of alcohol,Low drug interaction risk,Fever reduction,Anti-inflammatory pain relief,,,C,Pharmacology for Canadian Health Care Practice,11 - Analgesic Drugs
BSCN9300,Pharmacotherapeutics,T,Which transdermal lidocaine patch (EMLA®) application would require correction by the supervisor nurse?,Two patches applied on the patient’s lower back,A patch applied to a herpes zoster (shingles) outbreak,Twelve hours elapsing before a patch is reapplied,A patch applied on a patient who receives opioid drugs,,,B,Pharmacology for Canadian Health Care Practice,11 - Analgesic Drugs
BSCN9300,Pharmacotherapeutics,T,Which question would the nurse ask the patient prior to administration of acetaminophen?,“Have you ever experienced a stomach ulcer?”,“Are you taking any combination products?”,“Do you have a history of constipation?”,“Are you being treated for any respiratory disorders?”,,,B,Pharmacology for Canadian Health Care Practice,11 - Analgesic Drugs
BSCN9300,Pharmacotherapeutics,T,Which assessment is important to perform prior to the administration of an opioid analgesic?,Level of consciousness,Gait and ambulatory status,Psychosocial history,Presence of skin breakdown,,,A,Pharmacology for Canadian Health Care Practice,11 - Analgesic Drugs
BSCN9300,Pharmacotherapeutics,T,Which statement applies to administering opioid medications to older adults?,Cognitive impairment due to illness may affect the completion of an accurate pain assessment.,Opioid dosages should be increased in older adults due to diminished kidney and liver function.,A medication regimen with multiple daily doses is preferred to manage pain effectively.,Older adults are at a higher risk for both under-treatment and over-treatment of pain.,The oral route is preferred over parenteral for administering analgesics to older adults.,,A|D|E,Pharmacology for Canadian Health Care Practice,11 - Analgesic Drugs
BSCN9300,Pharmacotherapeutics,T,Which nursing action would be taken when administering acetylcysteine to treat acetaminophen overdose?,Mix the medication in cola to disguise the taste.,Instruct the patient to change positions slowly.,Ensure naloxone is available to reverse effects.,Utilize cold water to moisten the suppository.,,,A,Pharmacology for Canadian Health Care Practice,11 - Analgesic Drugs
BSCN9300,Pharmacotherapeutics,T,Which nursing intervention would be implemented for a patient receiving an opioid drug?,Maintain bedrails in an upright position.,Administer oral preparations with food.,Increase fibre intake.,Monitor for bleeding.,Assess pupillary reaction to light.,,A|B|C|E,Pharmacology for Canadian Health Care Practice,11 - Analgesic Drugs
BSCN9300,Pharmacotherapeutics,T,Which finding is associated with acetaminophen poisoning?,Indigestion and loss of appetite,Headache and drowsiness,Hypoactive bowel sounds,Rapid weak pulse,,,D,Pharmacology for Canadian Health Care Practice,11 - Analgesic Drugs
BSCN9300,Pharmacotherapeutics,T,Which nursing action would be taken when administering an opioid to a young child?,Administer medication once severe pain is identified.,Use the Verbal Rating Scale to assess pain.,Administer a local anaesthetic before an injection.,Determine the best route of medication administration.,,,C,Pharmacology for Canadian Health Care Practice,11 - Analgesic Drugs
BSCN9300,Pharmacotherapeutics,T,Which physical presentation would be anticipated following the administration of naloxone?,Reversal of respiratory depression,Reduced bowel sounds,Increased risk for bleeding,Improvement in pain symptoms,,,A,Pharmacology for Canadian Health Care Practice,11 - Analgesic Drugs
BSCN9300,Pharmacotherapeutics,T,Which adverse effect must be monitored for in a patient receiving tramadol?,Dizziness,Sore throat,Fever,Bruising,,,A,Pharmacology for Canadian Health Care Practice,11 - Analgesic Drugs
BSCN9300,Pharmacotherapeutics,T,Which benefit is associated with the use of a transdermal pain patch?,Produces the most rapid onset of relief,Allows for rapid dose titration,Improves patient adherence to treatment,Can be used to stabilize analgesia,,,C,Pharmacology for Canadian Health Care Practice,11 - Analgesic Drugs
BSCN9300,Pharmacotherapeutics,T,Which education would the nurse provide to a patient receiving an opioid drug?,Take the medication once the pain becomes severe.,Avoid activities requiring mental alertness.,Dosage will not change with routine use.,Alcohol should not be consumed.,Increase fluid and fibre intake.,,B|D|E,Pharmacology for Canadian Health Care Practice,11 - Analgesic Drugs
BSCN9300,Pharmacotherapeutics,T,Which primary effect do opioid analgesics have on patients?,Sedative,Pain reliever,Antiemetic,Anti-inflammatory,,,B,Pharmacology for Canadian Health Care Practice,11 - Analgesic Drugs
BSCN9300,Pharmacotherapeutics,T,"Which process of gate control theory involves the release of chemicals from injured cells, which in turn activate nociceptors?",Transduction,Transmission,Perception,Modulation,,,A,Pharmacology for Canadian Health Care Practice,11 - Analgesic Drugs
BSCN9300,Pharmacotherapeutics,T,Which non-opioid medication has anti-inflammatory effects in addition to anagesic effects?,Naproxen,Tramadol,Oxycodone,Acetaminophen,,,A,Pharmacology for Canadian Health Care Practice,11 - Analgesic Drugs
BSCN9300,Pharmacotherapeutics,T,Which dose is the maximum daily dose of acetaminophen the nurse would expect to be prescribed for a healthy adult?,2000 mg,3000 mg,4000 mg,5000 mg,,,C,Pharmacology for Canadian Health Care Practice,11 - Analgesic Drugs
BSCN9300,Pharmacotherapeutics,T,Which type of pain is sudden in onset and usually resolves with treatment?,Acute,Central,Persistent,Referred,,,A,Pharmacology for Canadian Health Care Practice,11 - Analgesic Drugs
BSCN9300,Pharmacotherapeutics,T,A patient needs to switch analgesic drugs secondary to an adverse reaction to the current treatment regimen. The patient is concerned that the new prescription will not provide optimal pain control. The nurse’s response is based on the knowledge that doses of analgesics are determined using an equianalgesic table with which drug prototype?,Codeine,Fentanyl,Oxycodone,Morphine,,,D,Pharmacology for Canadian Health Care Practice,11 - Analgesic Drugs
BSCN9300,Pharmacotherapeutics,T,The nurse is caring for a patient with opioid addiction. The nurse anticipates that the patient will be prescribed which medication?,Naloxone hydrochloride,Meperidine hydrochloride,Morphine sulphate,Methadone hydrochloride,,,D,Pharmacology for Canadian Health Care Practice,11 - Analgesic Drugs
BSCN9300,Pharmacotherapeutics,T,"While admitting a patient for treatment of an acetaminophen (Tylenol®) overdose, the nurse prepares to administer which medication to prevent toxicity?",Naloxone hydrochloride,Phytonadione (vitamin K),Acetylcysteine,Ibuprofen,,,C,Pharmacology for Canadian Health Care Practice,11 - Analgesic Drugs
BSCN9300,Pharmacotherapeutics,T,"A patient prescribed massage therapy for musculoskeletal pain asks the nurse, “How is rubbing my muscles going to make the pain go away?” What is the nurse’s best response?",“Massaging muscles helps relax the contracted fibres and decrease painful stimuli.”,“Massaging muscles decreases the inflammatory response that initiates the painful stimuli.”,"“Massaging muscles activates large sensory nerve fibres that send signals to the spinal cord to close the gate, thus blocking painful stimuli from reaching the brain.”",“Massaging muscles activates small sensory nerve fibres that send signals to the spinal cord to open the gate and allow endorphins to reach the muscles and relieve the pain.”,,,C,Pharmacology for Canadian Health Care Practice,11 - Analgesic Drugs
BSCN9300,Pharmacotherapeutics,T,"When assessing for the most serious adverse effect of an opioid analgesic, what does the nurse monitor for?",Heart rate,Mental status,Blood pressure,Respiratory rate,,,D,Pharmacology for Canadian Health Care Practice,11 - Analgesic Drugs
BSCN9300,Pharmacotherapeutics,T,Which medication is used to treat a patient with severe adverse effects of a narcotic analgesic?,Naloxone hydrochloride,Acetylcysteine,Methylprednisolone (Solu-Medrol®),Flumazenil,,,A,Pharmacology for Canadian Health Care Practice,11 - Analgesic Drugs
BSCN9300,Pharmacotherapeutics,T,"A patient with a diagnosis of pneumonia asks the nurse, “Why am I receiving codeine when I have no pain?” The nurse’s response is based on the knowledge that codeine sulphate also does or has the effect of which of the following?",An expectorant,A bronchodilator,A cough suppressant,Increases sputum production,,,C,Pharmacology for Canadian Health Care Practice,11 - Analgesic Drugs
BSCN9300,Pharmacotherapeutics,T,"In monitoring a patient for adverse effects related to morphine sulphate (MS Contin), the nurse assesses for stimulation of which area in the central nervous system?",The cough reflex center,Sympathetic baroreceptors,The chemoreceptor trigger zone,Autonomic control over circulation,,,C,Pharmacology for Canadian Health Care Practice,11 - Analgesic Drugs
BSCN9300,Pharmacotherapeutics,T,The nurse is preparing to administer an intravenous injection of morphine to a patient. The nurse assesses a respiratory rate of 10 breaths/min. Which action should the nurse perform?,Administer the next prescribed dose intramuscularly.,Administer a smaller dose and document it in the patient’s record.,Withhold the medication and notify the physician.,Check the pulse oximeter reading and re-evaluate respiratory rate in 1 hour.,,,C,Pharmacology for Canadian Health Care Practice,11 - Analgesic Drugs
BSCN9300,Pharmacotherapeutics,T,A patient receiving narcotic analgesics for chronic pain can minimize the GI side effects by:,taking Lomotil® with each dose.,eating foods high in lactobacilli.,taking the medication on an empty stomach.,increasing fluid and fibre in the diet.,,,D,Pharmacology for Canadian Health Care Practice,11 - Analgesic Drugs
BSCN9300,Pharmacotherapeutics,T,A patient is prescribed an opioid analgesic for chronic pain. What should the nurse tell the patient to do to minimize the GI adverse effects?,Avoid eating foods high in lactobacilli.,Increase fluid intake and fibre in the diet.,Take the medication on an empty stomach.,Take diphenoxylate–atropine (Lomotil®) with each dose.,,,B,Pharmacology for Canadian Health Care Practice,11 - Analgesic Drugs
BSCN9300,Pharmacotherapeutics,T,The nurse teaches a patient who has been prescribed the fentanyl (Duragesic) transdermal delivery system to change the patch at what interval?,Every 12 hours,Every 24 hours,Every 72 hours,When pain recurs,,,C,Pharmacology for Canadian Health Care Practice,11 - Analgesic Drugs
BSCN9300,Pharmacotherapeutics,T,The nurse plans pharmacological management for a patient with pain. The nurse should administer the pain medication based on which of the following?,Pain relief is best obtained by administering analgesics around the clock.,The analgesic should be administered when the pain level reaches a 6 on a scale of 1 to 10.,"To prevent drug addiction, opioid analgesics should not be used for more than 24 hours.",Analgesics should be administered as needed (prn) to minimize adverse effects.,,,A,Pharmacology for Canadian Health Care Practice,11 - Analgesic Drugs
BSCN9300,Pharmacotherapeutics,T,"In developing a plan of care for a patient receiving morphine sulphate (MS Contin), which nursing diagnosis has the highest priority?",Acute pain related to metastatic tumour cancer,Impaired gas exchange related to respiratory depression,Constipation related to decreased GI motility,Risk for injury related to central nervous system adverse effects,,,B,Pharmacology for Canadian Health Care Practice,11 - Analgesic Drugs
BSCN9300,Pharmacotherapeutics,T,"When assessing a patient for adverse effects related to morphine sulphate (MS Contin), which clinical finding is the nurse most likely to observe? (Select all that apply.)",Diarrhea,Weight gain,Constipation,Inability to void,Excessive bruising,,C|D,Pharmacology for Canadian Health Care Practice,11 - Analgesic Drugs
BSCN9300,Pharmacotherapeutics,AI,"For best results when treating severe pain associated with pathological spinal fractures resulting from metastatic bone cancer, the nurse should remember that the best type of dosage schedule is to administer the pain medication in which way?",As needed,Around the clock,On schedule during waking hours only,"Around the clock, with additional doses as needed for breakthrough pain",,,D,Pharmacology for Canadian Health Care Practice,11 - Analgesic Drugs
BSCN9300,Pharmacotherapeutics,AI,"A patient is receiving an opioid via a PCA pump as part of their postoperative pain management program. During rounds, the nurse finds the patient unresponsive, with respirations of 8 breaths/min and blood pressure of 102/58 mm Hg. After stopping the opioid infusion, what should the nurse do next?",Notify the charge nurse,Draw arterial blood gases,Administer an opiate antagonist per standing orders,"Perform a thorough assessment, including mental status examination",,,C,Pharmacology for Canadian Health Care Practice,11 - Analgesic Drugs
BSCN9300,Pharmacotherapeutics,AI,A patient with bone pain caused by metastatic cancer will be receiving transdermal fentanyl patches. The patient asks the nurse what benefits these patches have. The nurse’s best response includes which of these features?,More constant drug levels for analgesia,Less constipation and minimal dry mouth,Less drowsiness than with oral opioids,Lower dependency potential and no major adverse effects,,,A,Pharmacology for Canadian Health Care Practice,11 - Analgesic Drugs
BSCN9300,Pharmacotherapeutics,AI,IV morphine is prescribed for a patient who has had surgery. The nurse informs the patient that which common adverse effects can occur with this medication? (Select all that apply.),Diarrhea,Constipation,Pruritus,Urinary frequency,Nausea,,B|C|E,Pharmacology for Canadian Health Care Practice,11 - Analgesic Drugs
BSCN9300,Pharmacotherapeutics,AI,"Several patients have standard orders for acetaminophen, as needed for pain. When the nurse reviews their histories and assessments, it is discovered that one of the patients has a contraindication to acetaminophen therapy. Which of the following patients should receive an alternate medication?",A patient with a fever of 39.7°C,A patient admitted with deep vein thrombosis,A patient admitted with severe hepatitis,A patient who had abdominal surgery 1 week earlier,,,C,Pharmacology for Canadian Health Care Practice,11 - Analgesic Drugs
BSCN9300,Pharmacotherapeutics,AI,An opioid analgesic is prescribed for a patient. The nurse checks the patient’s medical history knowing this medication is contraindicated in which disorder?,Renal insufficiency,Severe asthma,Liver disease,Diabetes mellitus,,,B,Pharmacology for Canadian Health Care Practice,11 - Analgesic Drugs
BSCN9300,Pharmacotherapeutics,AI,A patient with renal cancer needs an opiate for pain control. Which opioid medication would be the safest choice for this patient?,fentanyl,hydromorphone (Dilaudid),morphine sulphate,methadone (Dolophine),,,D,Pharmacology for Canadian Health Care Practice,11 - Analgesic Drugs
BSCN9300,Pharmacotherapeutics,T,Which treatment approach for Parkinson's disease (PD) is a priority in addition to drug treatment?,Brain stimulation,Physical activity,Diet therapy,Herbal supplementation,,,B,Pharmacology for Canadian Health Care Practice,16 - Antiparkinsonian Drugs
BSCN9300,Pharmacotherapeutics,T,Which nursing diagnosis would the nurse add to the nursing care plan to address a gastrointestinal effect directly associated with Parkinson's disease (PD)?,Constipation,Risk for fluid imbalance,Impaired comfort,"Imbalanced nutrition, greater than body requirements",,,A,Pharmacology for Canadian Health Care Practice,16 - Antiparkinsonian Drugs
BSCN9300,Pharmacotherapeutics,T,Which outcome is the goal of Parkinson's disease (PD) drug therapy?,Restoring and enhancing dopaminergic activity in areas of the brain,Repairing dopamine producing cells,Regeneration of dopamine producing cells,Stimulating dopamine-lacking brain tissues,,,A,Pharmacology for Canadian Health Care Practice,16 - Antiparkinsonian Drugs
BSCN9300,Pharmacotherapeutics,T,Which action occurs when amantadine is administered for Parkinson's disease (PD)?,Dopaminergic receptors are direclt stimulated,Dopamine and catecholamine are released from storage sites,"Breakdown of catecholamines, dopamine, epinephrine, and norepinephrine occurs",Presynaptic dopamine receptors are activated,,,B,Pharmacology for Canadian Health Care Practice,16 - Antiparkinsonian Drugs
BSCN9300,Pharmacotherapeutics,T,Which information would the nurse share with a patient prescribed bromocriptine for Parkinson's disease (PD)?,Replaces dopamine in the substantia nigra,Directly restores dopaminergic activity,Stimulates dopaminergic receptors in the brain,Blocks the effect of the neurotransmitter acetylcholine,,,C,Pharmacology for Canadian Health Care Practice,16 - Antiparkinsonian Drugs
BSCN9300,Pharmacotherapeutics,T,"A patient with Parkinson’s disease who has been positively responding to carbidopa–levodopa (Sinemet®) asks the nurse, “Why have I suddenly developed a relapse of my symptoms?” Which explanation by the nurse is appropriate?","“You have developed drug tolerance to your current medication, and a higher dose will need to be prescribed.”","“This is very common, and it is temporary. Continue to take the medicine, and you will feel better in a few weeks.”","“You have developed medication toxicity. Thus, the drug dose will be reduced to avoid potentially toxic drug blood levels.”",“This is called the ‘on–off phenomenon.’ Your health care provider can change your medication regimen to help manage this effect.”,,,D,Pharmacology for Canadian Health Care Practice,16 - Antiparkinsonian Drugs
BSCN9300,Pharmacotherapeutics,T,"When teaching a patient about carbidopa–levodopa (Sinemet), which of the following information should the nurse include about this medication?",Combining these two drugs minimizes adverse effects and decreases the risk of kidney or liver disease.,Carbidopa crosses the blood–brain barrier to increase the metabolism of levodopa to dopamine in the brain.,"Carbidopa increases levodopa’s conversion in the periphery, enhancing the amount of dopamine available to the brain.","Carbidopa decreases levodopa’s conversion in the periphery, increasing the levodopa available to cross the blood–brain barrier.",,,D,Pharmacology for Canadian Health Care Practice,16 - Antiparkinsonian Drugs
BSCN9300,Pharmacotherapeutics,T,Which antiparkinsonian drug causes an increase in the levels of dopaminergic stimulation in the central nervous system (CNS) and therefore allows a decreased dose of other medications?,Entacapone (Comtan),Selegiline (Anipryl),Diphenhydramine (Benadryl®),Carbidopa–levodopa (Sinemet),,,B,Pharmacology for Canadian Health Care Practice,16 - Antiparkinsonian Drugs
BSCN9300,Pharmacotherapeutics,T,What is the goal of pharmacologic therapy in treating Parkinson’s disease?,To balance cholinergic and dopaminergic activity in the brain,To increase the amount of acetylcholine at the presynaptic neurons,To decrease the amount of dopamine available in the substantia nigra,To block dopamine receptors in both presynaptic and postsynaptic neurons,,,A,Pharmacology for Canadian Health Care Practice,16 - Antiparkinsonian Drugs
BSCN9300,Pharmacotherapeutics,T,The patient asks the nurse to explain the difference between carbidopa–levodopa (Sinemet) and rotigotine (Neupro). What will the nurse say in response?,“Both drugs have the same pharmacodynamic and adverse effect profiles.”,“Rotigotine is a dopamine agonist that has fewer adverse effects than carbidopa–levodopa.”,"“Whereas rotigotine acts as a dopamine agonist, carbidopa–levodopa directly replaces dopamine.”",“Carbidopa–levodopa is less effective than ropinirole in treating the symptoms of Parkinson’s disease.”,,,C,Pharmacology for Canadian Health Care Practice,16 - Antiparkinsonian Drugs
BSCN9300,Pharmacotherapeutics,T,The nurse is caring for a patient with Parkinson’s disease who has been taking entacapone (Comtan®) for the past week to treat an on–off phenomenon. The patient expresses concern over brown-orange urine. What information will the nurse provide the patient?,Laboratory tests are needed to determine kidney function.,Brown discoloration of urine may indicate a urinary tract problem.,This is a normal adverse effect of entacapone (Comtan) and is not harmful.,Abdominal ultrasonography will be performed to evaluate for liver damage or failure.,,,C,Pharmacology for Canadian Health Care Practice,16 - Antiparkinsonian Drugs
BSCN9300,Pharmacotherapeutics,T,"A patient who has been taking antiparkinsonian medications for years begins to have increased symptoms on a constant basis. In documenting these symptoms, what term will the nurse use?",Chorea,Dystonia,On–off phenomenon,Wearing-off phenomenon,,,D,Pharmacology for Canadian Health Care Practice,16 - Antiparkinsonian Drugs
BSCN9300,Pharmacotherapeutics,T,"The nurse is providing care for a patient with a diagnosis of Parkinson’s disease who has pre-existing liver failure. What class of medications, if prescribed, would the nurse question?",Anticholinergics,Ergot derivatives,Dopamine modulators,Catechol ortho-methyltransferase (COMT) inhibitors,,,D,Pharmacology for Canadian Health Care Practice,16 - Antiparkinsonian Drugs
BSCN9300,Pharmacotherapeutics,T,"A patient with Parkinson’s disease discusses with the nurse having experienced insomnia recently. The patient asks the nurse, “Can I take my old prescription of benzodiazepine that is prescribed to treat my insomnia?” Which of the following statements about the use of benzodiazepines in patients taking levodopa does the nurse know to be true?",It increases the therapeutic effect of levodopa and may result in an increase in the symptoms of Parkinson’s disease.,It increases the therapeutic effect of the levodopa and may result in a decrease in the symptoms of Parkinson’s disease.,It decreases the therapeutic effect of the levodopa and may result in a decrease in the symptoms of Parkinson’s disease.,It decreases the therapeutic effect of levodopa and may result in an increase in the symptoms of Parkinson’s disease.,,,D,Pharmacology for Canadian Health Care Practice,16 - Antiparkinsonian Drugs
BSCN9300,Pharmacotherapeutics,T,"A patient is prescribed selegiline (Eldepryl®), an MAO-B inhibitor, as adjunctive therapy in the treatment of Parkinson’s disease. What potential adverse effects should the nurse discuss when educating this patient? (Select all that apply.)",Headache,Insomnia,Weight gain,Depression,Blood pressure changes,,A|B|D|E,Pharmacology for Canadian Health Care Practice,16 - Antiparkinsonian Drugs
BSCN9300,Pharmacotherapeutics,AI,Which condition will alert the nurse to a potential caution or contraindication regarding the use of a dopaminergic drug for treatment of mild PD?,Diarrhea,Tremors,Angle-closure glaucoma,Unstable gait,,,C,Pharmacology for Canadian Health Care Practice,16 - Antiparkinsonian Drugs
BSCN9300,Pharmacotherapeutics,AI,A patient is taking entacapone as part of the therapy for PD. Which intervention by the nurse is appropriate at this time?,Notify the patient that this drug causes discoloration of the urine.,Limit the patient’s intake of tyramine-containing foods.,Monitor results of kidney studies because this drug can seriously affect kidney function.,Increase fluid intake to prevent dehydration.,,,A,Pharmacology for Canadian Health Care Practice,16 - Antiparkinsonian Drugs
BSCN9300,Pharmacotherapeutics,AI,"During patient teaching for antiparkinsonian drugs, the nurse will include which statement?",“The drug will be stopped when tremors and weakness are relieved.”,"“If a dose is missed, take two doses to avoid significant decreases in blood levels.”",“Be sure to notify your physician if your urine turns brownish-orange.”,“Take care to change positions slowly to prevent falling due to a drop in blood pressure.”,,,D,Pharmacology for Canadian Health Care Practice,16 - Antiparkinsonian Drugs
BSCN9300,Pharmacotherapeutics,AI,"A patient will be taking selegiline, 10 mg daily, in addition to dopamine replacement therapy for PD. The nurse will implement which precautions regarding selegiline?",Teach the patient to avoid eating foods containing tyramine.,Monitor for dizziness.,Inform the patient that this drug may cause urine discoloration.,Monitor for tachycardia and palpitations.,,,A,Pharmacology for Canadian Health Care Practice,16 - Antiparkinsonian Drugs
BSCN9300,Pharmacotherapeutics,AI,A patient with PD will start taking entacapone along with the levodopa–carbidopa they have been taking for a few years. The nurse recognizes that the advantage of taking entacapone is which of the following?,The entacapone can reduce on–off effects.,The levodopa may be stopped in a few days.,There is less GI upset with entacapone.,It does not cause the cheese effect.,,,A,Pharmacology for Canadian Health Care Practice,16 - Antiparkinsonian Drugs
BSCN9300,Pharmacotherapeutics,AI,The nurse is assessing a patient who has begun therapy with amantadine for PD. The nurse will look for which possible adverse effects? (Select all that apply.),Nausea,Palpitations,Dizziness,Insomnia,Edema,,A|C|D|E,Pharmacology for Canadian Health Care Practice,16 - Antiparkinsonian Drugs
BSCN9300,Pharmacotherapeutics,AI,A patient who has been taking levodopa–carbidopa for PD for over 1 year wants to start a low-carbohydrate/high-protein weight-loss diet. The nurse tells the patient that this type of diet may have what effect on their drug therapy?,There will be no problems with this diet while on this medication.,The high-protein diet can slow or prevent absorption of this medication.,The high-protein diet may cause increased blood levels of this medication.,The high-protein diet will cause no problems as long as the patient also takes pyridoxine (vitamin B6).,,,B,Pharmacology for Canadian Health Care Practice,16 - Antiparkinsonian Drugs
BSCN9310,Pathophysiology I,T,"A decrease in workload, use, pressure, or blood supply appropriately describes which of the following?",Physiological atrophy,Pathological atrophy,Hypertrophy,Hyperplasia,,,B,Understanding Pathophysiology,4 - Altered Cellular and Tissue Biology
BSCN9310,Pathophysiology I,T,The appropriate term for the reversible replacement of one mature cell by another is which of the following?,Metaplasia,Hyperplasia,Dysplasia,Atypical hyperplasia,,,A,Understanding Pathophysiology,4 - Altered Cellular and Tissue Biology
BSCN9310,Pathophysiology I,T,Which one of the following conditions would be diagnosed in a patient with a collection of blood located between the skull and the dura?,Epidural hematoma,Contusion,Subdural hematoma,Abrasion,,,A,Understanding Pathophysiology,4 - Altered Cellular and Tissue Biology
BSCN9310,Pathophysiology I,T,A tear or rip of the skin with a jagged and irregular edge is described as which one of the following?,Abrasion,Incision,Laceration,Avulsion,,,C,Understanding Pathophysiology,4 - Altered Cellular and Tissue Biology
BSCN9310,Pathophysiology I,T,A characteristic of a stab wound includes which one of the following?,An injury that is deeper than it is long,An injury that is longer than it is deep,The presence of a broken bone,A significant crush injury,,,A,Understanding Pathophysiology,4 - Altered Cellular and Tissue Biology
BSCN9310,Pathophysiology I,T,The appropriate term for fragments of burning or unburned pieces of gunpowder that are embedded in the epidermis is which of the following?,Exit wound,Stippling,Blowback,Tattooing,,,D,Understanding Pathophysiology,4 - Altered Cellular and Tissue Biology
BSCN9310,Pathophysiology I,T,Which term describes oxygen failing to reach the blood?,Suffocation,Strangulation,Drowning,Petechiae,,,A,Understanding Pathophysiology,4 - Altered Cellular and Tissue Biology
BSCN9310,Pathophysiology I,T,Which of the following pigments is correctly paired with its colour?,melanin: brown-black,hemosiderin: green-black,blue nevus: brown-black,bilirubin: yellow-brown,,,A,Understanding Pathophysiology,4 - Altered Cellular and Tissue Biology
BSCN9310,Pathophysiology I,T,The appropriate term to identify the nuclear dissolution and destruction of chromatin by action of hydrolytic enzymes is which of the following?,Autolysis,Pyknosis,Karyorrhexis,Karyolysis,,,D,Understanding Pathophysiology,4 - Altered Cellular and Tissue Biology
BSCN9310,Pathophysiology I,T,Which statement is true regarding calcium?,"Calcium salts accumulate in healthy, living cells with normal body function.",Dystrophic calcification occurs in chronic tuberculosis.,Metastatic calcification occurs in damaged tissue.,Psammoma bodies are individual calcium molecules.,,,B,Understanding Pathophysiology,4 - Altered Cellular and Tissue Biology
BSCN9310,Pathophysiology I,T,Tuberculous infections are likely to result in a form of necrosis called which of the following?,Coagulative,Liquefactive,Fat,Caseous,,,D,Understanding Pathophysiology,4 - Altered Cellular and Tissue Biology
BSCN9310,Pathophysiology I,T,The term “apoptosis” is appropriately defined as which of the following?,Second-messenger system,Autostimulation,Programmed cell death,Pass-it-on signal,,,C,Understanding Pathophysiology,4 - Altered Cellular and Tissue Biology
BSCN9310,Pathophysiology I,T,The process of atrophy is a result of which of the following?,Aging,Lack of blood supply,Work demand,Hormonal stimulation,Need to replace lost cells,,A|B|D,Understanding Pathophysiology,4 - Altered Cellular and Tissue Biology
BSCN9310,Pathophysiology I,T,Which statement is true regarding human body fluid?,Two-thirds of the body’s water is intracellular.,One-fourth of the body’s fluid is extracellular.,The two main extracellular compartments are interstitial and intracellular.,Standard total body water is 40% of body weight.,,,A,Understanding Pathophysiology,"5 - Fluids & Electrolytes,  Acids & Bases"
BSCN9310,Pathophysiology I,T,Which statement regarding body fluid movement is accurate?,Potassium is the most abundant extracellular fluid (ECF) ion.,Sodium maintains the osmotic balance of the intracellular fluid (ICF) space.,Water moves freely across membranes.,Aquaporins block water movement across the membrane.,,,C,Understanding Pathophysiology,"5 - Fluids & Electrolytes,  Acids & Bases"
BSCN9310,Pathophysiology I,T,Which statement accurately describes aldosterone?,It is a hormone that is secreted when sodium levels are depressed.,It is a hormone that is secreted when potassium levels are depressed.,Its action is to decrease the retention of sodium.,Its action is to decrease the secretion of potassium.,,,A,Understanding Pathophysiology,"5 - Fluids & Electrolytes,  Acids & Bases"
BSCN9310,Pathophysiology I,T,Which of the following is correct related to hyperchloremia?,It is a primary electrolyte disorder.,It arises with an excess of bicarbonate.,It has specific symptoms such as thirst.,It accompanies hypernatremia.,,,D,Understanding Pathophysiology,"5 - Fluids & Electrolytes,  Acids & Bases"
BSCN9310,Pathophysiology I,T,Hyponatremia is best described as which of the following?,A result of inadequate sodium intake,A result of a decrease in total body water (TBW),"An outcome of thiazide diuretics, vomiting, or diarrhea",An outcome of serum sodium levels dropping below 145 mmol/L,,,C,Understanding Pathophysiology,"5 - Fluids & Electrolytes,  Acids & Bases"
BSCN9310,Pathophysiology I,T,Which is a TRUE statement regarding hyperkalemia?,Dietary excesses are commonly the cause.,Hyperkalemia often occurs in acidosis.,There is an increase in the renal secretion of potassium.,Increased aldosterone levels are noted.,,,B,Understanding Pathophysiology,"5 - Fluids & Electrolytes,  Acids & Bases"
BSCN9310,Pathophysiology I,T,A patient has deep and rapid respirations. Laboratory tests reveal decreases in both pH and bicarbonate values. This patient is experiencing:,metabolic acidosis.,metabolic alkalosis.,respiratory acidosis.,respiratory alkalosis.,,,A,Understanding Pathophysiology,"5 - Fluids & Electrolytes,  Acids & Bases"
BSCN9310,Pathophysiology I,T,Common causes of the increased filtration of fluid from capillaries and lymphatic channels into surrounding tissues (edema) include which of the following? (Select all that apply.),An increased hydrostatic pressure,Decreased plasma oncotic pressure,Increased capillary membrane permeability,Lymphatic obstruction,Increased barometric pressure,,A|B|C|D,Understanding Pathophysiology,"5 - Fluids & Electrolytes,  Acids & Bases"
BSCN9310,Pathophysiology I,T,Causes of hypernatremia include which of the following? (Select all that apply.),Excessive free water intake,Inappropriate administration of hypertonic saline solution,Oversecretion of the hormone aldosterone,Cushing’s syndrome,Ingesting large amounts of dietary sodium,,B|C|D,Understanding Pathophysiology,"5 - Fluids & Electrolytes,  Acids & Bases"
BSCN9310,Pathophysiology I,T,Common clinical manifestations of hypokalemia include which of the following? (Select all that apply.),Carbohydrate metabolism effects due to decreased insulin secretion.,Inability of kidneys to concentrate urine.,Neuromuscular excitability is decreased.,Skeletal muscle contractility is increased.,Smooth muscle tone is increased.,,A|B|C,Understanding Pathophysiology,"5 - Fluids & Electrolytes,  Acids & Bases"
BSCN9310,Pathophysiology I,T,Which of the following is an example of a physical barrier against injury and infection?,Antibacterial fatty acids,Lysozymes in tears,Epithelial cells,Earwax,,,C,Understanding Pathophysiology,6 - Innate Immunity: Inflammation and Wound Healing
BSCN9310,Pathophysiology I,T,A biochemical substance that attracts leukocytes to the site of inflammation is known as which of the following?,Carboxypeptidase,Chemotactic factor,Fibrin,Opsonin,,,B,Understanding Pathophysiology,6 - Innate Immunity: Inflammation and Wound Healing
BSCN9310,Pathophysiology I,T,Which of the following is a characteristic of mast cells?,They release histamine that causes vasoconstriction.,They are found only in blood vessels.,They release histamine that causes inflammation.,They are not involved in allergic reactions.,,,C,Understanding Pathophysiology,6 - Innate Immunity: Inflammation and Wound Healing
BSCN9310,Pathophysiology I,T,"Which is an acidic, sulphur-containing lipid that produces effects similar to histamine?",Leukotriene,Prostaglandin,Adhesion molecule,Phagocyte,,,A,Understanding Pathophysiology,6 - Innate Immunity: Inflammation and Wound Healing
BSCN9310,Pathophysiology I,T,Which of the following is a characteristic of neutrophils?,They are granules in â-defensins.,They are the predominant phagocytes at the early inflammatory site.,They are the largest blood cells delivered to the site of injury.,They enter a wound site after lymphocytes and macrophages.,,,B,Understanding Pathophysiology,6 - Innate Immunity: Inflammation and Wound Healing
BSCN9310,Pathophysiology I,T,Biochemical messengers produced by macrophages and lymphocytes in response to a pathogen are called:,interleukins.,interferons.,chemokines.,tumour necrosis factor.,,,A,Understanding Pathophysiology,6 - Innate Immunity: Inflammation and Wound Healing
BSCN9310,Pathophysiology I,T,Which cytokine is secreted by macrophages and mast cells and acts to induce fever?,Interleukin-1,Interleukin-6,Interferons,Tumour necrosis factor-alpha,,,D,Understanding Pathophysiology,6 - Innate Immunity: Inflammation and Wound Healing
BSCN9310,Pathophysiology I,T,Barriers associated with innate immunity include which of the following?,Physical barriers,Mechanical barriers,Biochemical barriers,Resistance barriers,Inflammation barriers,,A|B|C,Understanding Pathophysiology,6 - Innate Immunity: Inflammation and Wound Healing
BSCN9310,Pathophysiology I,T,"In a patient experiencing inflammation, which of the following characteristics would be observable?",Redness,Coolness to the touch,Increased swelling,Pain,Numbness,,A|C|D,Understanding Pathophysiology,6 - Innate Immunity: Inflammation and Wound Healing
BSCN9310,Pathophysiology I,T,The activation of the complement system includes which of the following?,Antigen,Classic,Lectin,Alternative,Antibody,,B|C|D,Understanding Pathophysiology,6 - Innate Immunity: Inflammation and Wound Healing
BSCN9310,Pathophysiology I,T,The clotting system at the site of injury or inflammation includes which of the following functions?,Plugging damaged vessels and stopping bleeding,"Trapping microorganisms and preventing their spread to adjacent tissues,",Forming constant bleeding to flush out the microorganism,Providing a framework for future repair and healing,Disposing of foreign material at the site of a wound,,A|B|D,Understanding Pathophysiology,6 - Innate Immunity: Inflammation and Wound Healing
BSCN9310,Pathophysiology I,T,The proliferation phase of wound healing includes which of the following?,Fibroblast proliferation,Collagen synthesis,Neutrophil infiltration,Epithelialization,Wound contraction,,A|B|D|E,Understanding Pathophysiology,6 - Innate Immunity: Inflammation and Wound Healing
BSCN9310,Pathophysiology I,T,Which of the following is a characteristic of the immune response in humans?,"Before birth, there is no production of lymphocytes.",B lymphocytes are produced by the thymus.,T lymphocytes are produced by the bone marrow.,Generation of clonal diversity occurs in primary lymphoid organs.,,,D,Understanding Pathophysiology,7 - Adaptive Immunity
BSCN9310,Pathophysiology I,T,Which is characteristic of humoral immunity?,Cells undergo differentiation and develop into subpopulations.,Cells attack cancerous cells.,Antibodies are primarily responsible for protection.,Cytotoxic T cells attack and kill targets.,,,C,Understanding Pathophysiology,7 - Adaptive Immunity
BSCN9310,Pathophysiology I,T,Which is the portion of the antigen that is configured to recognize and bind?,Paratope,Epitope,Self-antigen,Immunogen,,,B,Understanding Pathophysiology,7 - Adaptive Immunity
BSCN9310,Pathophysiology I,T,Which is a function of cytotoxic T lymphocytes?,Activation of macrophages,Direct stimulation of B-cell maturation,Processes isotype switching,Direct killing of foreign and abnormal cells,,,D,Understanding Pathophysiology,7 - Adaptive Immunity
BSCN9310,Pathophysiology I,T,Inactivation or blocking of the antigen binding to the receptor is best described as which of the following?,Agglutination,Precipitation,Neutralization,Attenuation,,,C,Understanding Pathophysiology,7 - Adaptive Immunity
BSCN9310,Pathophysiology I,T,Which statement best characterizes humoral response?,Responding to only a certain number of antigens,Becoming activated upon recognition of an antigen,Clonal diversity being generated by the foreignness of the antigen,Immunoglobulins that are composed of six polypeptide chains,,,B,Understanding Pathophysiology,7 - Adaptive Immunity
BSCN9310,Pathophysiology I,T,The excessive production of cytokines and Th-cell activation and proliferation is a result of which of the following?,Superantigen,Lymphokine-producing cells,Regulatory T cells,Th1 cells,,,A,Understanding Pathophysiology,7 - Adaptive Immunity
BSCN9310,Pathophysiology I,T,Which of the following is true regarding an IgA antibody?,It is found in blood as IgA-1.,It is primarily found in the body’s secretions IUgA-2.,It has dimers anchored together by a J chain.,It has a gamma heavy chain.,It is found in the blood as secretory IgA.,,A|B|C,Understanding Pathophysiology,7 - Adaptive Immunity
BSCN9310,Pathophysiology I,T,Aging affects self-defence mechanisms in which of the following ways?,Decreasing immune function,Diminishing T-cell function,Reducing antibody response to antigenic challenges,Losing significant ability to produce IgA,Decreasing thymic hormone production,,A|B|C|E,Understanding Pathophysiology,7 - Adaptive Immunity
BSCN9310,Pathophysiology I,T,The molecular classes of immunoglobulins include which of the following?,IgG,IgNc,IgM,IgE,IgA,,A|C|D|E,Understanding Pathophysiology,7 - Adaptive Immunity
BSCN9310,Pathophysiology I,T,The IgE antibody is correctly described in which of the following ways?,Designed to protect the host from large viruses,A common cause of common allergies,The only inflammatory cell that can damage a virus,Designed specifically to prevent the invasion of pathogens through mucous membranes,Capable of protecting the host from parasites,,B|E,Understanding Pathophysiology,7 - Adaptive Immunity
BSCN9310,Pathophysiology I,T,Which statement is accurate regarding immunological response?,Allergy means a hypersensitivity to environmental antigens.,Immunity means an altered immunological response.,Hypersensitivity means the protective response to an antigen.,Autoimmunity means the normal response to foreign antigens.,,,A,Understanding Pathophysiology,8 - Infection and Defects in Mechanisms of Defense
BSCN9310,Pathophysiology I,T,An accurate description of a type I reaction would be which of the following?,It is mediated by IgA.,It is generally allergic in nature.,It most often occurs against medications.,It seldom contributes to autoimmune diseases.,,,B,Understanding Pathophysiology,8 - Infection and Defects in Mechanisms of Defense
BSCN9310,Pathophysiology I,T,Which of the following is correct regarding serum sickness?,It is caused by the formation of immune complexes.,It is the result of the deposition of complexes in the lungs.,It is the result of cytotoxic T-cell reactions to antigens.,It is created by the binding of the antigen to the cell surface.,,,A,Understanding Pathophysiology,8 - Infection and Defects in Mechanisms of Defense
BSCN9310,Pathophysiology I,T,Which of the following is correct with respect to a type IV allergic reaction?,It is immediate in its action.,It results in an infiltration of B cells.,"It creates a red, soft-centred lesion.",It is transferred by cells.,,,D,Understanding Pathophysiology,8 - Infection and Defects in Mechanisms of Defense
BSCN9310,Pathophysiology I,T,Which of the following patients is most likely to present with systemic lupus erythematosus (SLE)?,A patient who has male genitalia,A patient who is white,A patient who reports symptoms of arthritis,A patient who experiences memory loss,,,C,Understanding Pathophysiology,8 - Infection and Defects in Mechanisms of Defense
BSCN9310,Pathophysiology I,T,Which of the following statements is TRUE about organ transplant rejection?,The rejection is type IV hypersensitivity.,Hyperacute rejection is common.,Acute rejection occurs within months to years.,It takes years for rejection if immunosuppressive medications are not taken.,,,A,Understanding Pathophysiology,8 - Infection and Defects in Mechanisms of Defense
BSCN9310,Pathophysiology I,T,Which of the following statements is TRUE related to a unit of packed RBCs?,It has three different RBC antigens.,It is type AB blood and will have anti-A and anti-B antibodies.,It is type O blood and will have neither A nor B antigens.,It is type A blood and will have anti-O antibodies.,,,C,Understanding Pathophysiology,8 - Infection and Defects in Mechanisms of Defense
BSCN9310,Pathophysiology I,T,A patient who is a type AB+ blood will:,not produce anti-D antibodies.,"have one genotype, DD.",have the dd genotype.,be among 15% of the population.,,,A,Understanding Pathophysiology,8 - Infection and Defects in Mechanisms of Defense
BSCN9310,Pathophysiology I,T,Hypersensitivity reactions include which of the following?,Type I IgE allergic reactions,Type II tissue-specific reactions,Type III immune complex reactions,Type IV cell-mediated reactions,Type V autoimmune reactions,,A|B|C|D,Understanding Pathophysiology,8 - Infection and Defects in Mechanisms of Defense
BSCN9310,Pathophysiology I,T,The action of histamine results in which of the following?,Relaxation of smooth muscle,Increase of vascular permeability,Formation of edema,Increase of blood flow into the affected area,Constriction of bronchial smooth muscles,,B|C|D|E,Understanding Pathophysiology,8 - Infection and Defects in Mechanisms of Defense
BSCN9310,Pathophysiology I,T,Urticaria is also known as which of the following?,Rhinitis,Hives,Wheal/flare,Bleb,Dermal skin reaction,,B|C|E,Understanding Pathophysiology,8 - Infection and Defects in Mechanisms of Defense
BSCN9310,Pathophysiology I,T,The mechanism by which a type II hypersensitivity reaction affects cells includes which of the following?,The cell is destroyed by antibody and complement.,Antibody may cause phagocytosis.,Components of neutrophils will release their granules.,Antigen-mediated cytotoxicity.,Antibody-dependent cell-mediated cytotoxicity.,,A|B|C|E,Understanding Pathophysiology,8 - Infection and Defects in Mechanisms of Defense
BSCN9310,Pathophysiology I,T,An example of type IV sensitivity reactions includes which of the following?,Graft rejection,Skin test for tuberculosis,Arthus reactions,Autoimmune processes,Poison ivy blebs,,A|B|D|E,Understanding Pathophysiology,8 - Infection and Defects in Mechanisms of Defense
BSCN9310,Pathophysiology I,T,A reactive response involves mounting a response to which of the following?,In anticipation to a stressor,In reaction to a stressor,To a learned stressor,To a physical stressor,,,B,Understanding Pathophysiology,9 - Stress and Disease
BSCN9310,Pathophysiology I,T,"When experiencing stress, the effects of the epinephrine circulating in body will result in which of the following?",Bradycardia,Decreased heart contractility,Increased skeletal muscle blood supply,Hyperglycemia,,,D,Understanding Pathophysiology,9 - Stress and Disease
BSCN9310,Pathophysiology I,T,"After ACTH activates the release of cortisol, which of the following occurs?",Plasma is bound to corticotropin.,Gluconeogenesis is halted.,Cortisol increases blood glucose.,Cortisol decreases protein synthesis.,,,C,Understanding Pathophysiology,9 - Stress and Disease
BSCN9310,Pathophysiology I,T,The immune system will respond to stress in which following way?,With an increase in Th1,Through a shift in Th1,With little or no change,Through the effects of cortisol,,,D,Understanding Pathophysiology,9 - Stress and Disease
BSCN9310,Pathophysiology I,T,CRH (corticotropin-releasing hormone) influences the immune system through which following response?,Its release from peripheral inflammatory sites,Vasoconstriction,Decreased vascular permeability,Targeting red blood cells at peripheral targets,,,A,Understanding Pathophysiology,9 - Stress and Disease
BSCN9310,Pathophysiology I,T,Which of the following is TRUE regarding stress and the immune system?,There are no known immune-related conditions.,Cardiovascular disease is one condition related to stress.,There is a decreased level of proinflammatory cytokines.,Negative emotions cause no alterations in the immune system.,,,B,Understanding Pathophysiology,9 - Stress and Disease
BSCN9310,Pathophysiology I,T,The stages in the development of general adaptation syndrome include which of the following?,Alarm,Resistance,Termination,Exhaustion,Adaptation,,A|B|D|E,Understanding Pathophysiology,9 - Stress and Disease
BSCN9310,Pathophysiology I,T,"When an older person’s partner is hospitalized, research has shown that the healthy partner’s mortality is affected due to which of the following factors?",Emotional stress,Financial stress,Practical support,Psychological support,Self-esteem,,A|B|C|D,Understanding Pathophysiology,9 - Stress and Disease
BSCN9310,Pathophysiology I,T,Which age-related change is associated with the stress-age syndrome?,Free-radical damage to cells,Increase in serum thyroxine,Hypercoagulation of the blood,Decreased concentrations of testosterone,Immunodepression,,A|C|D|E,Understanding Pathophysiology,9 - Stress and Disease
BSCN9310,Pathophysiology I,T,The effect of stress on inflammatory and immune processes can have an effect on which conditions?,Depression,Coronary artery disease,Malnutrition,Autoimmune disorders,Virally mediated cancers,,A|B|D,Understanding Pathophysiology,9 - Stress and Disease
BSCN9310,Pathophysiology I,T,The central nervous system contains which of the following?,Brain,Somatic nervous system,Afferent pathways,Cranial nerves,,,A,Understanding Pathophysiology,13 - Structure & Function of the Neurological System
BSCN9310,Pathophysiology I,T,Which of the following is composed of endoplasmic reticulum and ribosomes?,Nissl substances,Dendrities,Microfilaments,Microtubules,,,A,Understanding Pathophysiology,13 - Structure & Function of the Neurological System
BSCN9310,Pathophysiology I,T,Which is an insulating substance for the neuron?,Schwann cells,Myelin,Neuroglial cells,Nodes of Ranvier,,,B,Understanding Pathophysiology,13 - Structure & Function of the Neurological System
BSCN9310,Pathophysiology I,T,"Successive, rapid impulses received from a single neuron on the same synapse are best described as which of the following?",Temporal summation,Spatial summation,Actuation,Facilitation,,,A,Understanding Pathophysiology,13 - Structure & Function of the Neurological System
BSCN9310,Pathophysiology I,T,The midbrain contains which of the following?,Cerebral hemisphere,Tegmentum,Cerebellum,Medulla oblongata,,,B,Understanding Pathophysiology,13 - Structure & Function of the Neurological System
BSCN9310,Pathophysiology I,T,Which part of the brain contains all cell bodies and dendrites of neurons?,Gyri,Sulci,White matter,Grey matter,,,D,Understanding Pathophysiology,13 - Structure & Function of the Neurological System
BSCN9310,Pathophysiology I,T,Which of the following is true related to the Broca speech area?,It makes receptive responses possible.,It is responsible for motor speech.,"When it is traumatized, this results in the inability to hear.",It is found in the right cerebral hemisphere.,,,B,Understanding Pathophysiology,13 - Structure & Function of the Neurological System
BSCN9310,Pathophysiology I,T,Which is a function of the thalamus?,Major integrating centre for afferent impulse,Maintenance of internal environment,Voluntary visual motor movements,Movements of the auditory system,,,A,Understanding Pathophysiology,13 - Structure & Function of the Neurological System
BSCN9310,Pathophysiology I,T,The cerebellum does which of the following?,It makes up the fibres of the corticospinal tract.,It maintains balance or posture.,It controls respiration.,It contains cranial nerves V through VIII.,,,B,Understanding Pathophysiology,13 - Structure & Function of the Neurological System
BSCN9310,Pathophysiology I,T,Which structure is involved in pain transmission?,Posterior horn,Substantia gelatinosa,Anterior horn,Dorsal root ganglia,,,B,Understanding Pathophysiology,13 - Structure & Function of the Neurological System
BSCN9310,Pathophysiology I,T,Which of the following is the neurotransmitter that is released from the postganglionic parasympathetic axon terminal?,Acetylcholine,Epinephrine,Norepinephrine,Dopamine,,,A,Understanding Pathophysiology,13 - Structure & Function of the Neurological System
BSCN9310,Pathophysiology I,T,Which is a characteristic of Wallerian degeneration? (Select all that apply.),Swelling,Neurofilamental atrophy,Myelin sheath shrinkage,Axon portion degeneration,Overproduction of axons,,A|C|D,Understanding Pathophysiology,13 - Structure & Function of the Neurological System
BSCN9310,Pathophysiology I,T,The major divisions of the brain include which of the following? (Select all that apply.),Forebrain,Cerebrum,Midbrain,Hindbrain,Brainstem,,A|C|D,Understanding Pathophysiology,13 - Structure & Function of the Neurological System
BSCN9310,Pathophysiology I,T,"When a patient experiences a brain injury and the medulla oblongata is affected, a patient will most likely experience which of the following? (Select all that apply.)",Changes in heart rate,Alterations in respirations,Altered blood pressure,Alterations in balance and posture,Problems in swallowing,,A|B|C|E,Understanding Pathophysiology,13 - Structure & Function of the Neurological System
BSCN9310,Pathophysiology I,T,The meninges surrounding the brain comprise which of the following? (Select all that apply.),Dura mater,Anterior fossa,Pia mater,Endosteal layer,Anterior horn,,A|C,Understanding Pathophysiology,13 - Structure & Function of the Neurological System
BSCN9310,Pathophysiology I,T,Which of the following is TRUE about the specificity theory of pain?,It focuses on the attention of pain.,It focuses on previous experience of pain.,It relates the amount of pain to the amount of tissue injury.,It relates to the emotions exhibited toward pain.,,,C,Understanding Pathophysiology,"14 - Pain, Temperature, Sleep, & Sensory Function"
BSCN9310,Pathophysiology I,T,Which pair of structures regulates the complex emotional responses to pain?,Frontal and cerebellar lobes,Limbic and reticular system,Thalamus and brainstem,Midbrain and nuclei of thalamus,,,B,Understanding Pathophysiology,"14 - Pain, Temperature, Sleep, & Sensory Function"
BSCN9310,Pathophysiology I,T,Which activity has been documented to increase the levels of circulating endogenous endorphins?,Cough,Stress,Sleep,Pain,,,B,Understanding Pathophysiology,"14 - Pain, Temperature, Sleep, & Sensory Function"
BSCN9310,Pathophysiology I,T,Perceptual dominance is defined as which of the following?,The duration of time or intensity of pain before overt pain responses are initiated.,Pain at one location that may cause an increase in threshold at another location.,Repeated exposure to a pain stimulus.,The point at which pain is perceived.,,,B,Understanding Pathophysiology,"14 - Pain, Temperature, Sleep, & Sensory Function"
BSCN9310,Pathophysiology I,T,The appropriate term for pain that is present in an area distant from its point of origin is which of the following?,Acute pain,Chronic pain,Referred pain,Somatic pain,,,C,Understanding Pathophysiology,"14 - Pain, Temperature, Sleep, & Sensory Function"
BSCN9310,Pathophysiology I,T,Which mechanism does not result in heat loss?,Increased respiration,Conduction,Convection,Vasoconstriction,,,D,Understanding Pathophysiology,"14 - Pain, Temperature, Sleep, & Sensory Function"
BSCN9310,Pathophysiology I,T,A benefit of fever to human blood includes which of the following?,Decreased lymphocytic transformation,Diminished phagocytosis,Increased iron concentration,A switch to lipolysis and proteolysis,,,D,Understanding Pathophysiology,"14 - Pain, Temperature, Sleep, & Sensory Function"
BSCN9310,Pathophysiology I,T,"A patient who was outside on a summer day and is now experiencing increased sweating and thirst, weakness, and dizziness is exhibiting signs of which of the following?",Heat cramps,Heat exhaustion,Hyperthermic stroke,Malignant hyperthermia,,,B,Understanding Pathophysiology,"14 - Pain, Temperature, Sleep, & Sensory Function"
BSCN9310,Pathophysiology I,T,An obese patient presents to a sleep clinic with symptoms of difficulty sleeping. The patient reports that they wake up gasping for air. Which is the most likely diagnosis for this patient?,Primary hypersomnia,Parasomnia,Somnambulism,Obstructive sleep apnea,,,D,Understanding Pathophysiology,"14 - Pain, Temperature, Sleep, & Sensory Function"
BSCN9310,Pathophysiology I,T,Involuntary unilateral or bilateral rhythmic movement of the eyes is referred to as which of the following?,Nystagmus,Amblyopia,Glaucoma,Strabismus,,,A,Understanding Pathophysiology,"14 - Pain, Temperature, Sleep, & Sensory Function"
BSCN9310,Pathophysiology I,T,A young child presents with redness of the eyes. The parents indicate that this condition seems to be “going around” the daycare. Which is the most likely diagnosis?,Blepharitis,Keratitis,Trachoma,Conjunctivitis,,,D,Understanding Pathophysiology,"14 - Pain, Temperature, Sleep, & Sensory Function"
BSCN9310,Pathophysiology I,T,Which type of hearing loss is a result of foreign body obstruction of the middle ear?,Conductive,Sensorineural,Functional,Presbycusis,,,A,Understanding Pathophysiology,"14 - Pain, Temperature, Sleep, & Sensory Function"
BSCN9310,Pathophysiology I,T,A patient who reports that “everything tastes unpleasant” is exhibiting symptoms of which of the following?,Hyposmia,Anosmia,Hypogeusia,Dysgeusia,,,D,Understanding Pathophysiology,"14 - Pain, Temperature, Sleep, & Sensory Function"
BSCN9310,Pathophysiology I,T,Endogenous opioids include which of the following? (Select all that apply.),Enkephalins,Endorphins,Dynorphins,Endomorphins,Denkephalins,,A|B|C|D,Understanding Pathophysiology,"14 - Pain, Temperature, Sleep, & Sensory Function"
BSCN9310,Pathophysiology I,T,The classification of acute pain includes which of the following? (Select all that apply.),Visceral,Pleuritic,Referred,Somatic,Cutaneous,,A|C|D,Understanding Pathophysiology,"14 - Pain, Temperature, Sleep, & Sensory Function"
BSCN9310,Pathophysiology I,T,Which of the following is correct in relation to Cheyne-Stokes respirations (CSR)?,It involves an abnormal pattern of crescendo-decrescendo.,It results in hypocapnia and increased ventilatory stimulus.,It causes changes in PaO2 that produce irregular breathing.,It increases PaCO2 level when overbreathing occurs.,,,A,Understanding Pathophysiology,"15 - Alterations in Cognitive Systems, Cerebral Hemodynamics, & Motor Function"
BSCN9310,Pathophysiology I,T,Vomiting often accompanies a central nervous system (CNS) injury when the trauma does which of the following?,Impinges directly on the floor of the third ventricle,Causes a decrease in intracranial pressure,Involves the vestibular nuclei,Involves the abdominal area,,,C,Understanding Pathophysiology,"15 - Alterations in Cognitive Systems, Cerebral Hemodynamics, & Motor Function"
BSCN9310,Pathophysiology I,T,Pinhole-sized pupils can be a result of an overdose of which of the following medications?,Atropine,Scopolamine,Opiates,Amphetamines,,,C,Understanding Pathophysiology,"15 - Alterations in Cognitive Systems, Cerebral Hemodynamics, & Motor Function"
BSCN9310,Pathophysiology I,T,"When a patient is able to follow simple commands and can manipulate objects following a traumatic brain injury, this is referred to as which of the following?",Coma,Vegetative,Minimally conscious,Locked-in syndrome,,,C,Understanding Pathophysiology,"15 - Alterations in Cognitive Systems, Cerebral Hemodynamics, & Motor Function"
BSCN9310,Pathophysiology I,T,A patient experiencing the tonic phase of a seizure exhibits which of the following?,Muscle contraction with increased muscle tone,Alternating contraction and relaxation of muscle,Muscle contraction alternating with placidity,Complete paralysis,,,A,Understanding Pathophysiology,"15 - Alterations in Cognitive Systems, Cerebral Hemodynamics, & Motor Function"
BSCN9310,Pathophysiology I,T,A patient who reports a loss of childhood memories is describing a characteristic of which of the following?,Selective attention deficit,Retrograde amnesia,Anterograde amnesia,Executive attention deficits,,,B,Understanding Pathophysiology,"15 - Alterations in Cognitive Systems, Cerebral Hemodynamics, & Motor Function"
BSCN9310,Pathophysiology I,T,A patient who is experiencing difficulty in recognizing a pattern’s form and the nature of objects is exhibiting characteristics of which of the following?,Agnosia,Aphasia,Dysphasia,Alzheimer’s disease,,,A,Understanding Pathophysiology,"15 - Alterations in Cognitive Systems, Cerebral Hemodynamics, & Motor Function"
BSCN9310,Pathophysiology I,T,A patient who is experiencing a loss of comprehension or the production of language is described as having which of the following?,Dysphasia,Aphasia,Expressive dysphasia,Transcortical dysphasia,,,A,Understanding Pathophysiology,"15 - Alterations in Cognitive Systems, Cerebral Hemodynamics, & Motor Function"
BSCN9310,Pathophysiology I,T,A patient who was admitted to a postsurgical unit 2 days ago and starts demonstrating progressive restlessness and uncharacteristic irritability is most likely experiencing which of the following?,Alzheimer’s disease,Dementia,Delirium,Coma,,,C,Understanding Pathophysiology,"15 - Alterations in Cognitive Systems, Cerebral Hemodynamics, & Motor Function"
BSCN9310,Pathophysiology I,T,Which of the following is true related to Alzheimer’s disease?,Is an uncommon neurological disorder,Not believed to have a genetic relationship,Is a result of neuronal proteins becoming distorted and tangled,The cause of plaques increasing nerve impulse transmission,,,C,Understanding Pathophysiology,"15 - Alterations in Cognitive Systems, Cerebral Hemodynamics, & Motor Function"
BSCN9310,Pathophysiology I,T,A patient who sustains a cerebrovascular accident and the limbs are paralyzed on an entire side is considered to have which of the following?,Hemiplegia,Paraplegia,Diplegia,Quadriplegia,,,A,Understanding Pathophysiology,"15 - Alterations in Cognitive Systems, Cerebral Hemodynamics, & Motor Function"
BSCN9310,Pathophysiology I,T,A patient who exhibits positioning that includes both arms being held close to the body with flexion at the elbows while legs are extended and rotated externally is demonstrating which of the following?,Decerebrate posture,Spastic posture,Decorticate posture,Basal ganglion posture,,,C,Understanding Pathophysiology,"15 - Alterations in Cognitive Systems, Cerebral Hemodynamics, & Motor Function"
BSCN9310,Pathophysiology I,T,Which of the following statements is TRUE about Huntington’s disease?,It is a commonly diagnosed neurological disorder.,It is a nonhereditary disease.,It is also known as chorea.,It is asymptomatic until the sixth decade of life.,,,C,Understanding Pathophysiology,"15 - Alterations in Cognitive Systems, Cerebral Hemodynamics, & Motor Function"
BSCN9310,Pathophysiology I,T,A patient diagnosed with Parkinson’s disease initially experiences which of the following?,Difficulty walking,Resting tremors,Postural instability,Rigidity of leg muscles,,,B,Understanding Pathophysiology,"15 - Alterations in Cognitive Systems, Cerebral Hemodynamics, & Motor Function"
BSCN9310,Pathophysiology I,T,A patient presents with a wide-based gait in which the feet are turned outward. Staggering is noted when walking and the pelvis is held stiff. These characteristics are representative of which of the following?,Cerebellar gait,Basal ganglion gait,Decorticate posture,Apraxia,,,A,Understanding Pathophysiology,"15 - Alterations in Cognitive Systems, Cerebral Hemodynamics, & Motor Function"
BSCN9310,Pathophysiology I,T,A basic neural system essential to cognitive function includes which of the following? (Select all that apply.),Attentional systems,Memory systems,Affective or emotive systems,Sensory systems,Language systems,,A|B|C|E,Understanding Pathophysiology,"15 - Alterations in Cognitive Systems, Cerebral Hemodynamics, & Motor Function"
BSCN9310,Pathophysiology I,T,Abnormal findings in which of the following evaluations would indicate possible neurological dysfunction? (Select all that apply.),Level of consciousness,Pattern of breathing,Decreased gastrointestinal motility,Eye response,Motor responses,,A|B|D|E,Understanding Pathophysiology,"15 - Alterations in Cognitive Systems, Cerebral Hemodynamics, & Motor Function"
BSCN9310,Pathophysiology I,T,Criteria for determining brain death include which of the following? (Select all that apply.),Unresponsive coma,No spontaneous respiration,Absent gag and cough reflex,Pupils are reactive but unequal,Ocular response to head turning,,A|B|C,Understanding Pathophysiology,"15 - Alterations in Cognitive Systems, Cerebral Hemodynamics, & Motor Function"
BSCN9310,Pathophysiology I,T,A means of classifying a seizure includes which of the following? (Select all that apply.),Clinical manifestations,Site of origin,Response to therapy,Length of activity,EEG correlates,,A|B|C|E,Understanding Pathophysiology,"15 - Alterations in Cognitive Systems, Cerebral Hemodynamics, & Motor Function"
BSCN9310,Pathophysiology I,T,Characteristics of Alzheimer’s disease include which of the following? (Select all that apply.),Rapid onset of symptomatology,Short-term memory loss,Increased irritability and agitation,Anxiety and depression,Remissions resulting in cognitive clarity,,B|C|D,Understanding Pathophysiology,"15 - Alterations in Cognitive Systems, Cerebral Hemodynamics, & Motor Function"
BSCN9310,Pathophysiology I,T,Which of the following persons is at highest risk for traumatic brain injury (TBI)?,Indigenous adult,Male genitalia and disabled,Female genitalia and 20 years of age,Economically advantaged young adult,,,A,Understanding Pathophysiology,16 - Disorders of the Central & Peripheral Nervous Systems & Neuromuscular Junction
BSCN9310,Pathophysiology I,T,The most common cause of TBI in children is which of the following?,Motor vehicle accident,Fall,Sports-related event,Violence,,,C,Understanding Pathophysiology,16 - Disorders of the Central & Peripheral Nervous Systems & Neuromuscular Junction
BSCN9310,Pathophysiology I,T,"A trauma patient diagnosed with a brain contusion experiences changes in attention, memory, affect, and emotion. In which region of the brain is the contusion most likely located?",Cerebral,Frontal,Cerebellum,Midbrain,,,B,Understanding Pathophysiology,16 - Disorders of the Central & Peripheral Nervous Systems & Neuromuscular Junction
BSCN9310,Pathophysiology I,T,"After a fall at home, an older person experiences a hematoma located on the top of the brain. This is most likely which of the following types of hematomas?",Subdural,Epidural,Extradural,Intracerebral,,,A,Understanding Pathophysiology,16 - Disorders of the Central & Peripheral Nervous Systems & Neuromuscular Junction
BSCN9310,Pathophysiology I,T,"A patient is hit in the temporal portion of the skull. Although initial loss of consciousness occurred, the patient soon awakens and is conversant. Three hours later vomiting, drowsiness, and confusion are noted. These symptoms are most likely related to which type of brain injury?",Diffuse axonal,Intracerebral,Subdural,Epidural,,,D,Understanding Pathophysiology,16 - Disorders of the Central & Peripheral Nervous Systems & Neuromuscular Junction
BSCN9310,Pathophysiology I,T,A patient experiences a vertebral fracture in which the C1 vertebra is fractured into several fragments. This type of fracture can be described as which of the following?,Simple,Compressed,Comminuted,Dislocation,,,C,Understanding Pathophysiology,16 - Disorders of the Central & Peripheral Nervous Systems & Neuromuscular Junction
BSCN9310,Pathophysiology I,T,Which of the following is TRUE in relation to spinal shock?,It is characterized by an incomplete loss of reflex function.,It involves all skeletal muscles below the level of injury.,It causes increased muscle tone below the lesion.,It results in no disruption of thermal control.,,,B,Understanding Pathophysiology,16 - Disorders of the Central & Peripheral Nervous Systems & Neuromuscular Junction
BSCN9310,Pathophysiology I,T,A patient is experiencing pain that courses over the buttocks and into the calf and ankle. This is suggestive of a herniated disk at which vertebral level?,Cervical,Thoracic,Lumbar,Coccyx,,,C,Understanding Pathophysiology,16 - Disorders of the Central & Peripheral Nervous Systems & Neuromuscular Junction
BSCN9310,Pathophysiology I,T,Which of the following statement is TRUE about an acute cerebrovascular accident (CVA)?,It is preventable in 80% of cases.,It is the fifth most common cause of death in Canada.,It is very likely to be followed by a second stroke within 1 year.,Its rates of mortality are increasing.,,,A,Understanding Pathophysiology,16 - Disorders of the Central & Peripheral Nervous Systems & Neuromuscular Junction
BSCN9310,Pathophysiology I,T,Which of the following is correct regarding hemorrhagic strokes?,They are the most common cause of CVA.,They account for 50% of all CVAs.,They are commonly caused by hypertension.,They are often the result of a microinfarct.,,,C,Understanding Pathophysiology,16 - Disorders of the Central & Peripheral Nervous Systems & Neuromuscular Junction
BSCN9310,Pathophysiology I,T,Which of the following is accurate regarding subarachnoid hemorrhages?,They are a particular risk for individuals with an intracranial aneurysm.,They are seldom experienced in individuals with hypertension.,They are a result of vasospasms not caused by trauma to the head.,They are rarely fatal and result in minor cognitive impairments.,,,A,Understanding Pathophysiology,16 - Disorders of the Central & Peripheral Nervous Systems & Neuromuscular Junction
BSCN9310,Pathophysiology I,T,Which of the following statements is TRUE about grading of the astrocytoma?,Grade I is more common in older adults.,Grade II is treated with radiation only.,Grades III and IV are treated with surgery.,Grade III is most common in children.,,,C,Understanding Pathophysiology,16 - Disorders of the Central & Peripheral Nervous Systems & Neuromuscular Junction
BSCN9310,Pathophysiology I,T,Which of the following is correct related to Grade III and Grade IV astrocytomas?,They are commonly found in the frontal lobe and cerebral hemisphere.,They are generally seen more in women than in men.,They are usually necrotic as a result of an absence of vascularity.,"They are bluish-grey in colour, with a hard purplish centre.",,,A,Understanding Pathophysiology,16 - Disorders of the Central & Peripheral Nervous Systems & Neuromuscular Junction
BSCN9310,Pathophysiology I,T,Which of the following is TRUE regarding metastatic brain tumours?,Carcinomas are disseminated to the brain from the circulation.,One-half of metastatic tumours are located within the brain.,Two-thirds of metastatic tumours are located in the extradural spaces.,Tumours of the pelvis tend to involve the frontal lobe.,,,A,Understanding Pathophysiology,16 - Disorders of the Central & Peripheral Nervous Systems & Neuromuscular Junction
BSCN9310,Pathophysiology I,T,Which of the following is TRUE regarding meningitis?,Bacterial meningitis is a primary infection of the grey matter.,Aseptic meningitis is most commonly caused by a fungus.,Fungal meningitis is the most common form worldwide.,Some bacterial meningitis can be prevented by vaccines.,,,D,Understanding Pathophysiology,16 - Disorders of the Central & Peripheral Nervous Systems & Neuromuscular Junction
BSCN9310,Pathophysiology I,T,A patient has a brain abscess with a decreased necrotic centre and mature collagen. This is most consistent with which stage?,Early cerebritis,Late cerebritis,Early capsule formation,Late capsule formation,,,C,Understanding Pathophysiology,16 - Disorders of the Central & Peripheral Nervous Systems & Neuromuscular Junction
BSCN9310,Pathophysiology I,T,Which of the following statements is TRUE regarding encephalitis?,It is an afebrile illness lasting 1 week.,It is caused by bacterial transmission.,It is a result of arthropod-borne viruses.,It is caused exclusively by herpes simplex II.,,,C,Understanding Pathophysiology,16 - Disorders of the Central & Peripheral Nervous Systems & Neuromuscular Junction
BSCN9310,Pathophysiology I,T,A patient experiences demyelination of the peripheral nerves with sparing of the axons. This is most likely characteristic of which of the following?,Alzheimer’s disease,Guillain-Barré,Myasthenia gravis,Amyotrophic lateral sclerosis (ALS),,,B,Understanding Pathophysiology,16 - Disorders of the Central & Peripheral Nervous Systems & Neuromuscular Junction
BSCN9310,Pathophysiology I,T,Risk factors for a CVA include which of the following? (Select all that apply.),Obesity,Smoking,Diabetes,Arterial hypertension,Atrial fibrillation,,B|C|D|E,Understanding Pathophysiology,16 - Disorders of the Central & Peripheral Nervous Systems & Neuromuscular Junction
BSCN9310,Pathophysiology I,T,A patient is diagnosed with a meningioma. The most likely site of the tumour is which of the following? (Select all that apply.),Sella turcica,Olfactory groove,Tuberculum sellae,Sphenoidal wing,Cerebellopontine angle,,B|C|D|E,Understanding Pathophysiology,16 - Disorders of the Central & Peripheral Nervous Systems & Neuromuscular Junction
BSCN9310,Pathophysiology I,T,Causes of cerebral aneurysm include which of the following? (Select all that apply.),Arteriosclerosis,Heroin use,Congenital anomaly,Trauma,Cocaine use,,A|C|D|E,Understanding Pathophysiology,16 - Disorders of the Central & Peripheral Nervous Systems & Neuromuscular Junction
BSCN9320,Health Assessment,T,"According to the biomedical model, a narrow definition of health is","optimal functioning of mind, body, and spirit within the environment.",the absence of disease.,the response of the whole person to actual or potential problems.,prevention of disease.,,,B,Physical Examination & Health Assessment,1 - Critical Thinking & Evidence-Informed Assessment
BSCN9320,Health Assessment,T,What type of database is most appropriate when rapid collection of data is required and often performed concurrently with life-saving measures?,Episodic,Follow-up,Emergency,Complete,,,C,Physical Examination & Health Assessment,1 - Critical Thinking & Evidence-Informed Assessment
BSCN9320,Health Assessment,T,A medical diagnosis is used to identify and explain,a person’s state of health.,the response of the whole person to actual or potential health problems.,a person’s culture.,the cause of disease.,,,D,Physical Examination & Health Assessment,1 - Critical Thinking & Evidence-Informed Assessment
BSCN9320,Health Assessment,T,Which of the following is considered an example of subjective data?,Decreased range of motion,Crepitation in the left knee joint,Left knee has been swollen and hot for the past 3 days,Arthritis,,,C,Physical Examination & Health Assessment,1 - Critical Thinking & Evidence-Informed Assessment
BSCN9320,Health Assessment,T,What type of database is most appropriate for an individual who is admitted to a long-term care facility?,Episodic,Follow-up,Emergency,Complete,,,D,Physical Examination & Health Assessment,1 - Critical Thinking & Evidence-Informed Assessment
BSCN9320,Health Assessment,T,Which of the following is considered an example of objective data?,Alert and oriented,Headache,An earache,A sore throat,,,A,Physical Examination & Health Assessment,1 - Critical Thinking & Evidence-Informed Assessment
BSCN9320,Health Assessment,T,The nursing process is,the process of analyzing health data and drawing conclusions to identify diagnoses.,a systematic method of planning and providing patient care organized around series of phases that integrate evidence-informed practice and critical thinking.,the approach to treatment that involves multiple disciplines.,"a process of continually examining how you view and respond to patients on the basis of your own assumptions, cultural and social orientations, and past experiences.",,,B,Physical Examination & Health Assessment,1 - Critical Thinking & Evidence-Informed Assessment
BSCN9320,Health Assessment,T,A nursing diagnosis is best described as,a determination of the etiology of disease.,a pattern of coping.,an individual’s perception of health.,a concise statement of actual or potential health concerns or level of wellness.,,,D,Physical Examination & Health Assessment,1 - Critical Thinking & Evidence-Informed Assessment
BSCN9320,Health Assessment,T,Social determinants of health are,comprehensive social and political processes.,secondary and primary preventions to change lifestyle and behaviour.,socioenvironmental perspectives.,"social, economic, and political conditions.",,,D,Physical Examination & Health Assessment,1 - Critical Thinking & Evidence-Informed Assessment
BSCN9320,Health Assessment,T,"A patient admitted to the hospital with asthma has the following problems identified, on the basis of the admission health history and physical assessment results. Which problem is a first-level priority?",Ineffective self-health management,Risk for infection,Impaired gas exchange,Readiness for enhanced spiritual well-being,,,C,Physical Examination & Health Assessment,2 - Health Promotion in the Context of Health Assessment
BSCN9320,Health Assessment,T,The social determinants of health related to the socioeconomic environment should be a concern for,a middle-income couple living in a supportive community.,an executive with a strong family network.,a university graduate employed with a company of good reputation.,a homeless man living on the streets.,,,D,Physical Examination & Health Assessment,2 - Health Promotion in the Context of Health Assessment
BSCN9320,Health Assessment,T,Health promotion has signaled a shift in power from,consumers of health care to their health care providers.,health insurance companies to health care providers.,health care agencies to consumers of health care.,health care providers to consumers of health care.,,,D,Physical Examination & Health Assessment,2 - Health Promotion in the Context of Health Assessment
BSCN9320,Health Assessment,T,Which of the following populations have a shorter life expectancy compared with the rest of Canadians?,South Asian and Southeast Asian Canadians,Indigenous peoples,European Canadians,African Canadians,,,B,Physical Examination & Health Assessment,2 - Health Promotion in the Context of Health Assessment
BSCN9320,Health Assessment,T,Assessments can facilitate effective health promotion for specific patients when,"they are time constrained, are to the point, and use predetermined strategies.","they are presumptive, involve minimal patient and family inputs, and consider preconceived notions of the patient.","they are systematic and thorough, use a strength-based approach, consider developmental level, take into account the patient’s and family’s cultural and social contexts, and involve the patient in decision making to ensure that care is patient centred.","they are comprehensive, depend on health care provider decision making, and have minimal consideration of socioeconomic determinants of health.",,,C,Physical Examination & Health Assessment,2 - Health Promotion in the Context of Health Assessment
BSCN9320,Health Assessment,T,Which of the following is an example of tertiary prevention?,Prostate–specific antigen (PSA) blood test,Preventing second-hand smoke exposure of a patient with chronic obstructive lung disease,Immunization against infectious diseases,Diet and exercise programs to prevent further heart attack or strokes,,,B,Physical Examination & Health Assessment,2 - Health Promotion in the Context of Health Assessment
BSCN9320,Health Assessment,T,The social determinants of health include,"injury prevention, diet, exercise, sexual health, substance use, dental health, anticipatory guidance, and primary prevention of specific cancers.","identifying depression, fall risk, visual acuity loss, problematic alcohol or substance use, and hearing loss.",income and social status; social support networks; education and literacy; employment/working conditions; social environments; physical environments; personal health practices and coping skills; healthy child development; biology and genetic endowment; health services; gender; and culture.,"developmental tests, screening tests, immunizations, counselling, and health education.",,,C,Physical Examination & Health Assessment,2 - Health Promotion in the Context of Health Assessment
BSCN9320,Health Assessment,T,What actions are outlined in the Ottawa Charter for Health Promotion to enable people to take control of and improve their health?,"Income, social status, social support networks, education, employment, and social environments","Primary prevention, secondary prevention, and tertiary prevention","Building healthy public policy, creating supportive environment, strengthening community actions, developing personal skills, reorienting health services, and enabling, mediating, and advocating","Involving the population as a whole, taking action on the social determinants of health, combining diverse but complementary methods, seeking public participation are actions that are nurtured and enabled by health care providers",,,C,Physical Examination & Health Assessment,2 - Health Promotion in the Context of Health Assessment
BSCN9320,Health Assessment,T,"When health care providers are challenged to focus upstream, their primary goal is to","focus on early detection of disease, before symptoms appear.",analyze health data and draw conclusions to identify diagnoses.,assess the root causes of health conditions that affect individuals.,focus on preventing complications when a condition or disease is present or progressed.,,,C,Physical Examination & Health Assessment,2 - Health Promotion in the Context of Health Assessment
BSCN9320,Health Assessment,T,Which of the following are examples of primary prevention activities?,Promoting the use of bicycle helmets by 12-year-old children,Reminding a patient with congestive heart failure to carefully monitor his weight,Organizing public influenza clinics,Teaching an 8-year-old child with asthma how to use his inhaler correctly,Providing nutrition classes to low-income families,Scheduling a colonoscopy for a 55-year-old man with a family history of colorectal cancer,A|C|E,Physical Examination & Health Assessment,2 - Health Promotion in the Context of Health Assessment
BSCN9320,Health Assessment,T,The Population Health Promotional Model is,a multifaceted approach that includes the social determinants of health and is used in nursing health assessments.,the predominant model of the Canadian health care system.,"a framework that can be used to influence health, social, and environmental policies.",a model that emphasizes changing behaviours and lifestyle.,,,A|C,Physical Examination & Health Assessment,2 - Health Promotion in the Context of Health Assessment
BSCN9320,Health Assessment,T,"When the nurse uses knowledge, skills, attitudes, and personal attributes that emphasize respect when interacting with diverse patient and coworker populations, the nurse is practicing",cultural sensitivity.,cultural competence.,culturalism.,cultural safety.,,,B,Physical Examination & Health Assessment,3 - A Relational Approach to Cultural & Social Considerations in Health Assessment
BSCN9320,Health Assessment,T,"When assessing a patient’s risk factors for health, what does the nurse know to be the primary cause of poor health among Canadians?",Inequality,Immigration,Poverty,Racialization,,,C,Physical Examination & Health Assessment,3 - A Relational Approach to Cultural & Social Considerations in Health Assessment
BSCN9320,Health Assessment,T,Which of the determinants of health claims the greatest effect on the health status of the population?,Social and economic environment,Physical environment,Health care system,Biology and genetic endowment,,,A,Physical Examination & Health Assessment,3 - A Relational Approach to Cultural & Social Considerations in Health Assessment
BSCN9320,Health Assessment,T,Performing culturally safe health assessments requires that the nurse,"understand culture to be the values, beliefs, customs, and practices specific to particular ethnocultural groups and assume that “cultural traits” are typical and different from the dominant cultural norm.",recognize that patients’ social problems are the result of their culture and assume that their health beliefs are governed by their ethnicity.,"build trust, engage through listening, communicate respect for differences and be aware of the patient’s social and economic contexts. Also requires the nurse to use relational inquiry which is focused on in this chapter.","use direct questioning, communicate judgement, assert authority, and dismiss fears and beliefs the nurse does not understand.",,,C,Physical Examination & Health Assessment,3 - A Relational Approach to Cultural & Social Considerations in Health Assessment
BSCN9320,Health Assessment,T,Spirituality is defined as,participating in religious services on a regular basis.,a personal effort to find meaning and purpose in life.,the process of being raised within a culture.,a social group that claims to possess variable traits.,,,B,Physical Examination & Health Assessment,3 - A Relational Approach to Cultural & Social Considerations in Health Assessment
BSCN9320,Health Assessment,T,Which of the following is true regarding language barriers and health care in Canada?,Limited English or French proficiency can be a challenge to accessing health care.,Limited English or French proficiency is associated with a higher quality of care.,English or French proficiency is associated with a lower quality of care.,Patients with language barriers have a decreased risk for nonadherence to medication regimens.,,,A,Physical Examination & Health Assessment,3 - A Relational Approach to Cultural & Social Considerations in Health Assessment
BSCN9320,Health Assessment,T,The reality that the health status of many Indigenous peoples is poorer than the rest of the Canadian population is an example of,health inequities.,health status of visible minorities.,health status and immigration.,health inequalities.,,,A,Physical Examination & Health Assessment,3 - A Relational Approach to Cultural & Social Considerations in Health Assessment
BSCN9320,Health Assessment,T,What type of perspective has been promoted to counter the tendency toward culturalism in health care?,Ethnicity,Critical cultural,“Othering”,Racialization,,,B,Physical Examination & Health Assessment,3 - A Relational Approach to Cultural & Social Considerations in Health Assessment
BSCN9320,Health Assessment,T,"Acupuncture, chiropractic, naturopathy, massage, herbal medicine, yoga, and healing touch are examples of",allopathic medicine.,complementary and alternative health care.,Western medicine.,natural health products.,,,B,Physical Examination & Health Assessment,3 - A Relational Approach to Cultural & Social Considerations in Health Assessment
BSCN9320,Health Assessment,T,Gender identity is,always the same as the person’s birth-assigned sex.,fundamentally different from a person’s sexual orientation.,how a person publicly presents gender.,multidimensional biological construct that encompasses a person’s reproductive and sexual anatomy and determines how a person is identified and treated in the world.,,,B,Physical Examination & Health Assessment,3 - A Relational Approach to Cultural & Social Considerations in Health Assessment
BSCN9320,Health Assessment,T,The nurse knows that using anti-racism and anti-oppression principles means:,Treating all clients exactly the same way.,Using relational inquiry when entering into an assessment of the client.,Understanding what racism means.,Understanding what is involved with health inequities.,,,B,Physical Examination & Health Assessment,3 - A Relational Approach to Cultural & Social Considerations in Health Assessment
BSCN9320,Health Assessment,T,"When preparing the physical setting for an interview, the interviewer should",set the room temperature to 15°C.,reduce noise by turning down the volume on the television or radio.,conduct the interview being positioned at eye level maintaining a distance of 1.5 m.,stand next to the patient to convey a professional demeanour.,,,C,Physical Examination & Health Assessment,4 - The Interview
BSCN9320,Health Assessment,T,Parents or caregivers accompany children to the health care setting. At what age does the interviewer start asking the child directly about his or her presenting symptoms?,5 years,7 years,9 years,11 years,,,B,Physical Examination & Health Assessment,4 - The Interview
BSCN9320,Health Assessment,T,"Which of the following statements, if made by the interviewer, would be an appropriate response?",“I know just how you feel.”,"“If I were you, I would have the surgery.”",“Why did you wait so long to make an appointment?”,“Tell me what you mean by ‘bad blood’.”,,,D,Physical Examination & Health Assessment,4 - The Interview
BSCN9320,Health Assessment,T,"While discussing the treatment plan, the nurse infers that the patient is uncomfortable about asking the health care provider for a different treatment because of fear of the health care provider’s reaction. In this situation, the nurse’s verbal interpretation",affects the nurse–physician relationship.,impedes further discussion.,helps the patient understand personal feelings in relation to his or her verbal message.,helps the nurse understand his or her own feelings in relation to the patient’s verbal message.,,,C,Physical Examination & Health Assessment,4 - The Interview
BSCN9320,Health Assessment,T,The use of euphemisms to avoid reality or to hide feelings is known as,distancing language.,sympathetic language.,avoidance language.,ethnocentric language.,,,C,Physical Examination & Health Assessment,4 - The Interview
BSCN9320,Health Assessment,T,"When addressing a pre- school-aged child during the interview, the health care provider should","ask the child, before asking the caregiver, about symptoms.",use nonverbal communication.,"use short, simple, concrete sentences.",use detailed explanations.,,,C,Physical Examination & Health Assessment,4 - The Interview
BSCN9320,Health Assessment,T,Nonverbal communication is the primary form of communication for which group of individuals?,Infants,Preschoolers,Adolescents,Older adults,,,A,Physical Examination & Health Assessment,4 - The Interview
BSCN9320,Health Assessment,T,Viewing the world from another person’s inner frame of reference is called,reflection.,empathy.,clarification.,sympathy.,,,B,Physical Examination & Health Assessment,4 - The Interview
BSCN9320,Health Assessment,T,An example of an open-ended question or statement is,“Tell me about your pain.”,"“On a scale of 1 to 10, how would you rate your pain?”",“I can see that you are quite uncomfortable.”,"“You are upset about the level of pain, right?”",,,A,Physical Examination & Health Assessment,4 - The Interview
BSCN9320,Health Assessment,T,The most appropriate introduction to start an interview with an older adult patient is,"“Mr. Jones, I want to ask you some questions about your health so that we can plan your care.”","“David, I am here to ask you questions about your illness; we want to determine what is wrong.”","“Mr. Jones, is it okay if I ask you several questions this morning about your health?”","“Because so many people have already asked you questions, I will just get the information from the chart.”",,,A,Physical Examination & Health Assessment,4 - The Interview
BSCN9320,Health Assessment,T,Which of the following is included in documenting a history source?,"Appearance, dress, and hygiene",Cognition and literacy level,Documented relationship of support systems,Reliability of informant,,,D,Physical Examination & Health Assessment,5 - The Complete Health History
BSCN9320,Health Assessment,T,"A patient seeks care for “debilitating headaches that cause excessive absences at work.” On further exploration, the nurse asks, “What makes the headaches worse?” With this question, the nurse is seeking information about",the patient’s perception of pain.,the nature or character of the headache.,aggravating factors.,relieving factors.,,,C,Physical Examination & Health Assessment,5 - The Complete Health History
BSCN9320,Health Assessment,T,"The health history collects subjective data, which comprise",findings from the physical examination.,laboratory values.,what the patient says about himself or herself.,results of diagnostic tests.,,,C,Physical Examination & Health Assessment,5 - The Complete Health History
BSCN9320,Health Assessment,T,The review of systems in the health history is,an evaluation of past and present health state of each body system.,a documentation of the problem as perceived by the patient.,a record of objective findings.,a short statement of general health status.,,,A,Physical Examination & Health Assessment,5 - The Complete Health History
BSCN9320,Health Assessment,T,"When recording information for the review of systems, the interviewer must document","physical findings, such as skin appearance, to support historical data.",“negative” under the system heading.,the presence or absence of all symptoms under the system heading.,objective data that support the history of present illness.,,,C,Physical Examination & Health Assessment,5 - The Complete Health History
BSCN9320,Health Assessment,T,Assessment of self-esteem and self-concept is part of the functional assessment. Areas covered under self-esteem and self-concept include,"education, financial status, and value-belief system.","exercise and activity, leisure activities, and level of independence.","family role, interpersonal relations, social support, and time spent alone.","stressors, coping mechanisms, and any changes in past year.",,,A,Physical Examination & Health Assessment,5 - The Complete Health History
BSCN9320,Health Assessment,T,PQRSTU is a mnemonic that helps the clinician remember to address characteristics specific to,intimate partner violence.,substance use.,symptoms.,the ability to perform activities of daily living (ADLs).,,,C,Physical Examination & Health Assessment,5 - The Complete Health History
BSCN9320,Health Assessment,T,The nurse questions the reliability of the history provided by the patient. One method to verify information within the context of the interview is to,review previous medical records.,rephrase the same questions later in the interview.,ask the patient if there is someone who could verify information.,call a family member to confirm information.,,,B,Physical Examination & Health Assessment,5 - The Complete Health History
BSCN9320,Health Assessment,T,"When taking the health history from an adolescent, the interviewer should",ask about violence and abuse before asking about alcohol and drug use.,have at least one parent present during the interview.,"interview the youth alone, with the parent(s) waiting in the waiting area.",ask about the use of condoms.,,,C,Physical Examination & Health Assessment,5 - The Complete Health History
BSCN9320,Health Assessment,T,What information is included in greater detail when taking a health history on an infant?,Nutritional data,History of present illness,Family history,Environmental hazards,,,A,Physical Examination & Health Assessment,5 - The Complete Health History
BSCN9320,Health Assessment,T,"To examine a toddler, the nurse should",allow the child to sit on the parent’s lap.,remove the child’s clothing at the beginning of the examination.,ask the child to decide whether parents or siblings should be present.,perform the assessment from head to toes.,,,A,Physical Examination & Health Assessment,9 - Assessment Techniques & the Clinical Setting
BSCN9320,Health Assessment,T,Deep palpation is used to,identify abdominal contents.,evaluate surface characteristics.,elicit deep tendon reflexes.,determine the density of a structure.,,,A,Physical Examination & Health Assessment,9 - Assessment Techniques & the Clinical Setting
BSCN9320,Health Assessment,T,Amplitude is,the intensity (soft or loud) of sound.,the length of time the note lingers.,the number of vibrations per second.,the subjective difference in a sound’s distinctive overtones.,,,A,Physical Examination & Health Assessment,9 - Assessment Techniques & the Clinical Setting
BSCN9320,Health Assessment,T,The dorsa of the hands are used to determine,vibration.,temperature.,an organ’s position.,fine tactile discrimination.,,,B,Physical Examination & Health Assessment,9 - Assessment Techniques & the Clinical Setting
BSCN9320,Health Assessment,T,Fine tactile discrimination is best achieved with the,opposition of the fingers and the thumb.,fingertips.,back of the hands and fingers.,base of the fingers.,,,B,Physical Examination & Health Assessment,9 - Assessment Techniques & the Clinical Setting
BSCN9320,Health Assessment,T,An examination of the fundus is an examination of the,inner ear.,pharynx.,internal structures of the eye.,nasal turbinates.,,,C,Physical Examination & Health Assessment,9 - Assessment Techniques & the Clinical Setting
BSCN9320,Health Assessment,T,Which of the following is considered when preparing to examine an older adult?,Basing the pace of the examination on the patient’s needs and abilities,Avoiding physical touch to offset making the older adult uncomfortable,Being aware that loss will result in poor coping mechanisms,"That confusion is a normal, expected finding in an older adult",,,A,Physical Examination & Health Assessment,9 - Assessment Techniques & the Clinical Setting
BSCN9320,Health Assessment,T,"When performing percussion, the examiner",strikes the flank area with the palm of the hand.,strikes the stationary finger at the distal interphalangeal joint.,strikes the stationary finger at the proximal interphalangeal joint.,taps fingertips over bony processes.,,,B,Physical Examination & Health Assessment,9 - Assessment Techniques & the Clinical Setting
BSCN9320,Health Assessment,T,"At the end of the examination, the examiner should",complete the documentation before leaving the examination room.,have the findings confirmed by another provider.,compare objective and subjective data for discrepancies.,review the findings with the patient.,,,D,Physical Examination & Health Assessment,9 - Assessment Techniques & the Clinical Setting
BSCN9320,Health Assessment,T,When would the nurse use second-tier precautions in addition to routine practices?,The patient is admitted with a leg fracture.,The patient is admitted with a methicillin-resistant Staphylococcus aureus infection.,The patient is a postpartum mother.,The patient is admitted for heart surgery.,,,B,Physical Examination & Health Assessment,"10 - General Survey, Measurement, & Vital Signs"
BSCN9320,Health Assessment,T,The general survey consists of four distinct areas. These areas include,"mental status, speech, behaviour, and mood and affect.","gait, range of motion, mental status, and behaviour.","physical appearance, body structure, mobility, and behaviour.","level of consciousness, personal hygiene, mental status, and physical condition.",,,C,Physical Examination & Health Assessment,"10 - General Survey, Measurement, & Vital Signs"
BSCN9320,Health Assessment,T,A common error in blood pressure measurement includes,taking the blood pressure in the arm positioned at the level of the heart.,waiting less than 1 to 2 minutes before repeating the blood pressure reading on the same arm.,deflating the cuff by about 2 mm Hg per heartbeat.,using a blood pressure cuff whose bladder length is 80% of the arm circumference.,,,B,Physical Examination & Health Assessment,"10 - General Survey, Measurement, & Vital Signs"
BSCN9320,Health Assessment,T,Data collection for the general survey begins,at the first encounter.,at the beginning of the physical examination.,while taking vital signs.,during the mental status examination.,,,A,Physical Examination & Health Assessment,"10 - General Survey, Measurement, & Vital Signs"
BSCN9320,Health Assessment,T,The Doppler technique,is used to assess the apical pulse.,augments Korotkoff’s sounds during blood pressure measurement.,provides an easy and accurate measure of the diastolic pressure.,measures arterial oxygenation saturation.,,,B,Physical Examination & Health Assessment,"10 - General Survey, Measurement, & Vital Signs"
BSCN9320,Health Assessment,T,The tympanic membrane thermometer,provides an accurate measurement of core body temperature.,senses the infrared emissions of the cerebral cortex.,is not used in unconscious patients.,accurately measures temperature in 20 to 30 seconds.,,,A,Physical Examination & Health Assessment,"10 - General Survey, Measurement, & Vital Signs"
BSCN9320,Health Assessment,T,Endogenous obesity is,caused by inadequate secretion of cortisol by the adrenal glands.,caused by excess adrenocorticotropic hormone (ACTH) production by the pituitary gland.,characterized by evenly distributed excess body fat.,a result of excessive secretion of growth hormone in adulthood.,,,B,Physical Examination & Health Assessment,"10 - General Survey, Measurement, & Vital Signs"
BSCN9320,Health Assessment,T,"To perform an accurate assessment of respirations, the examiner should",inform the person of the procedure and count for 1 minute.,"count for 15 seconds while keeping fingers on the pulse, and multiply by 4.","count for 30 seconds after completing a pulse assessment, and multiply by 2.",assess respirations for a full 2 minutes if an abnormality is suspected.,,,C,Physical Examination & Health Assessment,"10 - General Survey, Measurement, & Vital Signs"
BSCN9320,Health Assessment,T,Physical appearance includes statements that compare appearance with,mood and affect.,stated age.,gait.,nutrition.,,,B,Physical Examination & Health Assessment,"10 - General Survey, Measurement, & Vital Signs"
BSCN9320,Health Assessment,T,An adult patient’s pulse is 46 beats per minute. The term used to describe this rate is,tachycardia.,bradycardia.,weak and thready.,sinus arrhythmia.,,,B,Physical Examination & Health Assessment,"10 - General Survey, Measurement, & Vital Signs"
BSCN9320,Health Assessment,T,"The nurse records that the patient’s pulse is 3+, or “full and bounding.” Which of the following could be the cause?",Dehydration,Shock,Bleeding,Anxiety,,,D,Physical Examination & Health Assessment,"10 - General Survey, Measurement, & Vital Signs"
BSCN9320,Health Assessment,T,Pain signals are carried to the central nervous system by way of,perception.,afferent fibres.,modulation.,referred pain.,,,B,Physical Examination & Health Assessment,11 - Pain Assessment
BSCN9320,Health Assessment,T,Which of the following is the most reliable indicator for pain?,Magnetic resonance imaging (MRI) results,Patient’s self-report,Tissue enzyme levels,Blood drug levels,,,B,Physical Examination & Health Assessment,11 - Pain Assessment
BSCN9320,Health Assessment,T,Which of the following is true regarding pain in children?,Infants have the same capacity for pain as do adults.,Preverbal infants do not remember pain.,Children older than 2 years of age are able to accurately rate pain intensity.,Children will exaggerate their descriptions of pain in the presence of a health care provider.,,,A,Physical Examination & Health Assessment,11 - Pain Assessment
BSCN9320,Health Assessment,T,What occurs during transduction (the first phase of nociceptive pain)?,Pain signals move from the site of origin to the spinal cord.,The pain impulse moves from the spinal cord to the brain.,The brain interprets the pain signal.,"Chemical mediators are neutralized, decreasing the perception of pain.",,,A,Physical Examination & Health Assessment,11 - Pain Assessment
BSCN9320,Health Assessment,T,"What type of pain is short and self-limiting, and dissipates after the injured tissue has healed?",Chronic,Persistent,Acute,Malignant,,,C,Physical Examination & Health Assessment,11 - Pain Assessment
BSCN9320,Health Assessment,T,Neuropathic pain implies an abnormal,degree of pain interpretation.,processing of the pain message.,transmission of pain signals.,modulation of pain signals.,,,B,Physical Examination & Health Assessment,11 - Pain Assessment
BSCN9320,Health Assessment,T,What is the source of deep somatic pain?,Skin and subcutaneous tissues,Bones and joints,Pancreas,Intestine,,,B,Physical Examination & Health Assessment,11 - Pain Assessment
BSCN9320,Health Assessment,T,Which of the following has been found to influence pain perception in women?,Age,Genetics,Parity,Weight,,,B,Physical Examination & Health Assessment,11 - Pain Assessment
BSCN9320,Health Assessment,T,Specialized nerve endings that are designed to detect painful sensations are,synapses.,dorsal horns.,nociceptors.,C fibres.,,,C,Physical Examination & Health Assessment,11 - Pain Assessment
BSCN9320,Health Assessment,T,An intubated sedated patient has a score of 7 on the Critical-Care Pain Observation Tool. The nurse should,reassess the pain level in 3 to 4 hours.,administer prescribed pain medication.,confirm the pain level with vital signs.,use only nonpharmacological pain relief interventions.,,,B,Physical Examination & Health Assessment,11 - Pain Assessment
BSCN9320,Health Assessment,T,"While the nurse is taking the health history, the patient complains of pruritus. What is a potential cause of this symptom?",Excessive bruising,Hyperpigmentation,Diaphoresis,Drug reactions,,,D,Physical Examination & Health Assessment,"13 - Skin, Hair, & Nails"
BSCN9320,Health Assessment,T,A flat macular hemorrhage is called a(n),purpura.,ecchymosis.,petechiae.,hemangioma.,,,A,Physical Examination & Health Assessment,"13 - Skin, Hair, & Nails"
BSCN9320,Health Assessment,T,A nursing student has been assigned to teach grade 4 students about the importance of caring for their skin. Which of the following should be included while discussing the skin?,The skin is the body’s second largest organ system.,The skin is not part of regulating temperature.,The skin is not waterproof.,The skin is a first line of defense to protect you against microorganisms and injury.,,,D,Physical Examination & Health Assessment,"13 - Skin, Hair, & Nails"
BSCN9320,Health Assessment,T,Functions of the skin include,production of vitamin C.,temperature regulation.,the production of new cells by melanocytes.,the secretion of a drying substance called sebum.,,,B,Physical Examination & Health Assessment,"13 - Skin, Hair, & Nails"
BSCN9320,Health Assessment,T,"A 75-year-old hospitalized patient with limited mobility, activity, and nutrition scores a 7 on the Braden Risk Assessment Scale. What does this indicate?",The patient is at risk for malignant melanoma.,The patient has severe cognitive impairment.,"The patient is at very high risk for skin tears, skin breakdown, and/or the development of pressure sores.",The patient has pain that is greater than moderate in severity.,,,C,Physical Examination & Health Assessment,"13 - Skin, Hair, & Nails"
BSCN9320,Health Assessment,T,Which of the following terms refers to a linear skin lesion that runs along a nerve route?,Zosteriform,Annular,Polycyclic,Shingles,,,A,Physical Examination & Health Assessment,"13 - Skin, Hair, & Nails"
BSCN9320,Health Assessment,T,The components of a nail examination include,"shape, contour, consistency, and colour.","colour, texture, distribution, and lesions.","clubbing, pitting, and grooving.","colour, texture, temperature, and moisture.",,,A,Physical Examination & Health Assessment,"13 - Skin, Hair, & Nails"
BSCN9320,Health Assessment,T,"To determine if a dark-skinned patient is pale, the nurse should assess the colour of the",conjunctivae.,ear lobes.,elbows.,skin in the antecubital space.,,,A,Physical Examination & Health Assessment,"13 - Skin, Hair, & Nails"
BSCN9320,Health Assessment,T,An example of a primary lesion is a(n),erosion.,ulcer.,urticaria.,port-wine stain.,,,C,Physical Examination & Health Assessment,"13 - Skin, Hair, & Nails"
BSCN9320,Health Assessment,T,"A scooped-out, shallow depression in the skin is called a(n)",ulcer.,excoriation.,fissure.,erosion.,,,D,Physical Examination & Health Assessment,"13 - Skin, Hair, & Nails"
BSCN9320,Health Assessment,T,The first heart sound is produced by the,closure of the semilunar valves.,closure of the atrioventricular (AV) valves.,opening of the semilunar valves.,opening of the AV valves.,,,B,Physical Examination & Health Assessment,20 - Heart & Neck Vessels
BSCN9320,Health Assessment,T,Which of the following guidelines can be used to identify which heart sound is S1?,S1 is louder than S2 at the base of the heart.,S1 coincides with the A wave of the jugular venous pulse wave.,S1 coincides with the carotid artery pulse.,S1 coincides with the Q wave of the QRS complex on electrocardiography (ECG).,,,C,Physical Examination & Health Assessment,20 - Heart & Neck Vessels
BSCN9320,Health Assessment,T,Which of the following cardiac alterations occurs during pregnancy?,An increase in cardiac output and blood pressure,An increase in cardiac volume and a decrease in blood pressure,An increased heart rate and increased blood pressure,An increased stroke volume with decreased cardiac output,,,B,Physical Examination & Health Assessment,20 - Heart & Neck Vessels
BSCN9320,Health Assessment,T,Which of the following is an appropriate position to have the patient assume when auscultating for extra heart sounds or murmurs?,Roll toward the left side,Roll toward the right side,Trendelenburg’s position,Recumbent position,,,A,Physical Examination & Health Assessment,20 - Heart & Neck Vessels
BSCN9320,Health Assessment,T,"The leaflets of the tricuspid and mitral valves are anchored by __________________ to the _________________, which are embedded in the ventricular floor.",endocardial ligaments; mediastinal muscles,AV tendons; pericardial bundles,chordae tendineae; papillary muscles,pericardial cords; ventricular sheaths,,,C,Physical Examination & Health Assessment,20 - Heart & Neck Vessels
BSCN9320,Health Assessment,T,The ability of the heart to contract independently of any signals or stimulation is caused by,depolarization.,automaticity.,conduction.,repolarization.,,,B,Physical Examination & Health Assessment,20 - Heart & Neck Vessels
BSCN9320,Health Assessment,T,"When auscultating the heart of a newborn within 24 hours after birth, the examiner hears a continuous sound that mimics the sound of a machine. This finding most likely indicates",the presence of congenital heart disease.,a normal sound because of the thinner chest wall of the newborn.,an expected sound caused by nonclosure of the ductus arteriosus.,pathology only when accompanied by an increased heart rate.,,,C,Physical Examination & Health Assessment,20 - Heart & Neck Vessels
BSCN9320,Health Assessment,T,A bruit heard while auscultating the carotid artery of a 65-year-old patient is caused by,decreased velocity of blood flow through the carotid artery.,turbulent blood flow through the carotid artery.,rapid blood flow through the carotid artery.,increased viscosity of blood.,,,B,Physical Examination & Health Assessment,20 - Heart & Neck Vessels
BSCN9320,Health Assessment,T,The jugular venous pressure is an indirect reflection of the,heart’s efficiency as a pump.,cardiac cycle.,conduction effectiveness.,synchronization of mechanical activity.,,,A,Physical Examination & Health Assessment,20 - Heart & Neck Vessels
BSCN9320,Health Assessment,T,The semilunar valves separate the,atria from the ventricles.,right atria from the left atria.,ventricles from the arteries.,atria from the veins.,,,C,Physical Examination & Health Assessment,20 - Heart & Neck Vessels
BSCN9320,Health Assessment,T,One of the leg’s deep veins is the,great saphenous vein.,small saphenous vein.,perforator vein.,popliteal vein.,,,D,Physical Examination & Health Assessment,21 - Peripheral Vascular System & Lymphatic System
BSCN9320,Health Assessment,T,Arteriosclerosis refers to,a variation from the heart’s normal rhythm.,a sac formed by dilation in the arterial wall.,thickening and loss of elasticity of the arterial walls.,deposition of fatty plaques along the intima of the arteries.,,,C,Physical Examination & Health Assessment,21 - Peripheral Vascular System & Lymphatic System
BSCN9320,Health Assessment,T,Palpable inguinal lymph nodes are,"normal if small (<1 cm), movable, and nontender.",abnormal in adults but common in children and infants.,normal if fixed and tender.,abnormal and indicate the presence of malignant disease.,,,A,Physical Examination & Health Assessment,21 - Peripheral Vascular System & Lymphatic System
BSCN9320,Health Assessment,T,In pulsus paradoxus,the rhythm is irregular; every other beat is premature.,there is deficiency of arterial blood to a body part.,"the rhythm is regular, but the force of the pulse varies with alternating beats.",beats have weaker amplitude with respiratory inspiration and stronger amplitude with expiration.,,,D,Physical Examination & Health Assessment,21 - Peripheral Vascular System & Lymphatic System
BSCN9320,Health Assessment,T,Lymphedema refers to,the indentation remaining after the examiner depresses the skin over swollen edematous tissue.,thickening and loss of elasticity of the arterial walls.,inflammation of the vein associated with thrombus formation.,swelling of an extremity caused by an obstructed lymph channel.,,,D,Physical Examination & Health Assessment,21 - Peripheral Vascular System & Lymphatic System
BSCN9320,Health Assessment,T,A water–hammer “Corrigan’s” pulse is associated with,hyperkinetic states.,decreased cardiac output.,aortic valve regurgitation.,conduction disturbance.,,,C,Physical Examination & Health Assessment,21 - Peripheral Vascular System & Lymphatic System
BSCN9320,Health Assessment,T,The cervical nodes drain the,upper arm and breast.,hand and lower arm.,external genitalia.,head and neck.,,,D,Physical Examination & Health Assessment,21 - Peripheral Vascular System & Lymphatic System
BSCN9320,Health Assessment,T,"In young children, the thymus gland",produces T lymphocytes.,is small and begins to atrophy.,is not important in immune function.,produces B lymphocytes.,,,A,Physical Examination & Health Assessment,21 - Peripheral Vascular System & Lymphatic System
BSCN9320,Health Assessment,T,Claudication is caused by,venous insufficiency.,arterial insufficiency.,varicose veins.,stasis ulcerations.,,,B,Physical Examination & Health Assessment,21 - Peripheral Vascular System & Lymphatic System
BSCN9320,Health Assessment,T,The patient has severe bilateral lower extremity edema. The most likely cause is,an infection of the right great toe.,Raynaud’s phenomenon.,heart failure.,an aortic aneurysm.,,,C,Physical Examination & Health Assessment,21 - Peripheral Vascular System & Lymphatic System
BSCN9330,CFPR Medications,T,The nurse contacts the prescriber and receives a STAT telephone prescription for a medication. What is the first thing the nurse should do after writing down the prescription?,Locate the prescriber and obtain a signature,Prepare the medication for administration,Contact the pharmacy to have the medication sent to the nursing unit STAT,Repeat back the telephone prescription to the prescriber,,,D,Canadian Clinical Nursing Skills and Techniques,20 - Safe Medication Preparation
BSCN9330,CFPR Medications,T,"The nurse is ready to administer a patient’s morning medication when the patient states, “Please leave the medication on my table. I will take it after I use the bathroom.” What is the most appropriate response from the nurse?",“I will bring the medication back to your room once you return from the bathroom.”,“It will take only a minute to swallow the medication before you go to the bathroom.”,"“That’s fine, please take it the minute you get back from the restroom. I will be back to check on you.”","“I will wait until noon, when you have more medication prescribed, and will bring it back to you then.”",,,A,Canadian Clinical Nursing Skills and Techniques,20 - Safe Medication Preparation
BSCN9330,CFPR Medications,T,What is the goal of computerized provider order entry (CPOE)?,To increase the number of medication prescriptions,To decrease the number of medication prescriptions,To cause less inconvenience for prescribers,To prevent medication errors and enhance patient safety,,,D,Canadian Clinical Nursing Skills and Techniques,20 - Safe Medication Preparation
BSCN9330,CFPR Medications,T,"In the event that a medication error occurs, what should the nurse do first?",Contact the prescriber to inform them of the error,Contact the manager or supervisor of the area where the error occurred,Assess and examine the patient,Complete the institution’s incident or occurrence report,,,C,Canadian Clinical Nursing Skills and Techniques,20 - Safe Medication Preparation
BSCN9330,CFPR Medications,T,"When assessing for polypharmacy in older persons, the nurse should",ask about use of over-the-counter (OTC) medications,ask if the person has been prescribed more than 10 medications,ask if the person has been prescribed more than 10 medications,ask if the person has been prescribed more than 10 medications,ask if they have multiple health care providers,,A|C|E,Canadian Clinical Nursing Skills and Techniques,20 - Safe Medication Preparation
BSCN9330,CFPR Medications,T,Which nursing action has the highest priority for a patient receiving medication via a nasogastric feeding tube?,Flush with 30 mL of water before and after feedings.,Keep head of bed elevated above 30 degrees for at least 30 to 60 minutes after feeding.,Wait 30 to 60 minutes after feeding to reconnect to suctioning.,Change the feeding pump bag and tubing every 24 hours.,,,A,Canadian Clinical Nursing Skills and Techniques,21 - Nonparenteral Medications
BSCN9330,CFPR Medications,T,Which following task would be most appropriate for the nurse to delegate to the unregulated care provider (UCP)?,Administering oral medications,Documenting patient’s response to medication,Reporting any changes in patient’s status after medication administration,Calling the pharmacy to clarify the correct dose of medication,,,C,Canadian Clinical Nursing Skills and Techniques,21 - Nonparenteral Medications
BSCN9330,CFPR Medications,T,The nurse is caring for a patient who has a prescription for an acetaminophen rectal suppository. Which finding contraindicates the use of a rectal suppository?,Rectal hemorrhoids,Presence of a fever,Rectal bleeding,Constipation,,,C,Canadian Clinical Nursing Skills and Techniques,21 - Nonparenteral Medications
BSCN9330,CFPR Medications,T,"When administering medication through an enteral tube, always flush the tubing with ______ mL of water after each medication. After the last medication, flush the tubing with ______ mL of water.",15 to 30; 30 to 60,5 to 10; 15 to 30,30 to 60; 30 to 60,15 to 30; 60 to 90,,,A,Canadian Clinical Nursing Skills and Techniques,21 - Nonparenteral Medications
BSCN9330,CFPR Medications,T,"When a patient self-administers a vaginal suppository, which behaviour would require further teaching?",The patient voids before insertion.,The patient lies in a dorsal recumbent position.,The patient uses their dominant hand to insert the suppository along the posterior wall of the vaginal canal.,The patient lubricates the suppository with petroleum jelly.,The patient inserts the suppository 5 cm (2 inches) into the vaginal canal.,,D|E,Canadian Clinical Nursing Skills and Techniques,21 - Nonparenteral Medications
BSCN9330,CFPR Medications,T,What is the best way to minimize discomfort caused by the instillation of ear medication?,Warm the eardrops to room temperature before instillation.,Wear treatment gloves during the application process.,Ask the patient to sit while introducing the medication.,Use a cotton-tipped applicator to remove any visible cerumen.,,,A,Canadian Clinical Nursing Skills and Techniques,21 - Nonparenteral Medications
BSCN9330,CFPR Medications,T,Which instruction would help ensure the maximum therapeutic response when a patient self-administers ear medication?,Remain in the lateral position (unaffected side) for a few minutes after instillation.,Bring refrigerated ear medication to room temperature before instillation.,Place a cotton ball firmly into the ear canal for 30 minutes after instillation.,"Apply a warm, damp washcloth to the external ear to remove any crusted discharge.",,,A,Canadian Clinical Nursing Skills and Techniques,21 - Nonparenteral Medications
BSCN9330,CFPR Medications,T,Which statement or question best illustrates the nurse’s understanding of the role of the unregulated care provider (UCP) in the instillation of ear medications?,“Did you let the ear medication warm to room temperature?”,“Do you think the patient is capable of instilling their own eardrops?”,“Please tell the patient that the medication may make them dizzy when they stand up.”,"“Be sure to keep the patient on their side for a few minutes, because I just administered their eardrops.”",,,D,Canadian Clinical Nursing Skills and Techniques,21 - Nonparenteral Medications
BSCN9330,CFPR Medications,T,"After instructing a patient in the self-administration of antibiotic eardrops, what must come first in the nurse’s assessment?",The patient’s understanding of the medication’s purpose,"The patient’s hand grasp, strength, coordination, and ability to manipulate the applicator",The patient’s comprehension of the dosage instructions provided with the medication,The patient’s ability to recognize the signs of an allergic reaction to the medication,,,B,Canadian Clinical Nursing Skills and Techniques,21 - Nonparenteral Medications
BSCN9330,CFPR Medications,T,"To ensure proper distribution of ear medication after instillation, what will the nurse instruct an adult patient to do?",Have a caregiver instill the medication.,Avoid contaminating the medication’s applicator tip.,Instill the medication at the time ordered by the provider.,Instill the medication after gently pulling the ear up and back.,,,D,Canadian Clinical Nursing Skills and Techniques,21 - Nonparenteral Medications
BSCN9330,CFPR Medications,T,What is the best way for the nurse to minimize the risk of contaminating the patient’s eye during the instillation of eye drops?,Encourage the patient to self-apply the medication.,Wear gloves during the entire application process.,Introduce the medication onto the inner canthus of the eye.,Perform effective hand hygiene before and after the instillation.,,,B,Canadian Clinical Nursing Skills and Techniques,21 - Nonparenteral Medications
BSCN9330,CFPR Medications,T,Which instruction should be given to a patient to ensure safety when self-applying an antibiotic ointment?,It is not necessary to allow refrigerated eye medication to warm to room temperature before administration.,Do not apply pressure directly to the eyeball when removing excess medication.,"When cleaning the eye before administration, gently wash from the outer to the inner canthus.","Apply a warm, damp washcloth to the eye for several minutes to remove any crusted discharge.",,,B,Canadian Clinical Nursing Skills and Techniques,21 - Nonparenteral Medications
BSCN9330,CFPR Medications,T,Which statement or question best illustrates the nurse’s understanding of the role of the unregistered care provider (UCP) in the instillation of eye medications?,“Did you let the eye medication warm to room temperature?”,“Do you think the patient is capable of instilling their own eye drops?”,“Be sure to slightly hyperextend their neck when instilling the medication.”,"“Their vision may be temporarily impaired, so please help them to the bathroom.”",,,D,Canadian Clinical Nursing Skills and Techniques,21 - Nonparenteral Medications
BSCN9330,CFPR Medications,T,"After instructing a patient in the self-administration of antibiotic eye drops, what is the nurse's highest priority assessment?",The patient’s understanding of the medication’s purpose,"The patient’s hand grasp, strength, coordination, and ability to manipulate the applicator",The patient’s comprehension of the dosage instructions provided with the medication,The patient’s ability to recognize the signs of an allergic reaction to the medication,,,B,Canadian Clinical Nursing Skills and Techniques,21 - Nonparenteral Medications
BSCN9330,CFPR Medications,T,"When placing an intraocular disk, the nurse recognizes that it is in the correct position by assessing what?",Visibility of the disk over the cornea,Lack of visibility of the disk as it is placed under the lower eyelid,Lack of visibility as it is placed under the upper eyelid,Visibility of a small portion of the disk extending slightly above the lower eyelid,,,B,Canadian Clinical Nursing Skills and Techniques,21 - Nonparenteral Medications
BSCN9330,CFPR Medications,T,How might the nurse safely administer an extended-release capsule to a patient with dysphagia?,Encourage the patient to drink plenty of water when swallowing the capsule.,"Open the capsule, and place the contents into 90 mL (3 fl. oz.) of juice.",Place the capsule in a spoonful of the patient’s applesauce.,Save the capsule to be administered last.,,,C,Canadian Clinical Nursing Skills and Techniques,21 - Nonparenteral Medications
BSCN9330,CFPR Medications,T,The nurse is preparing to administer several oral medications when the patient says they would like to take their pills with orange juice. What is the nurse’s best response?,Determine whether the patient’s prescribed diet includes orange juice.,Establish whether the medications may be taken with orange juice.,Ask the dietary aide to prescribe extra orange juice for the unit.,Administer the pills with orange juice.,,,B,Canadian Clinical Nursing Skills and Techniques,21 - Nonparenteral Medications
BSCN9330,CFPR Medications,T,Which statement or question best illustrates the nurse’s understanding of the role of the unregulated care provider (UCP) in administering oral medications?,“Does the patient need their pain medication?”,“Please make sure the patient has plenty of fresh water to take with their pills.”,“How much did the pain medication improve their pain?”,“Stay with the patient until they swallow all the pills.”,,,B,Canadian Clinical Nursing Skills and Techniques,21 - Nonparenteral Medications
BSCN9330,CFPR Medications,T,The nurse has provided a patient with a PRN oral analgesic that may be repeated as needed every 6 to 8 hours. What is the most appropriate follow-up action to ensure appropriate pain management?,Reassess the patient’s pain in 30 to 40 minutes.,Document the patient’s request for pain medication.,Administer the pain medication again in 6 hours.,Include the patient’s pain history in the end-of-shift nursing report.,,,A,Canadian Clinical Nursing Skills and Techniques,21 - Nonparenteral Medications
BSCN9330,CFPR Medications,T,A patient with a history of nighttime confusion is to receive several oral medications at bedtime. What is the best way for the nurse to ensure that the patient has swallowed the medication?,Administer each tablet individually.,Observe the patient closely as they swallow the tablets.,Ask the patient to open their mouth after swallowing each tablet.,Ask the patient to swallow a full glass of water with the tablets.,,,C,Canadian Clinical Nursing Skills and Techniques,21 - Nonparenteral Medications
BSCN9330,CFPR Medications,T,"A nurse is preparing to administer a rectal suppository to a patient. The patient says, “This is so embarrassing. Is this really necessary?” What is the most appropriate response?",“I can see if the doctor will prescribe an oral medication.”,“How about if I show you how to insert the suppository yourself?”,“I will make sure that you are well covered. I promise.”,“This will make you feel so much better.”,,,B,Canadian Clinical Nursing Skills and Techniques,21 - Nonparenteral Medications
BSCN9330,CFPR Medications,T,The nurse is preparing to administer a rectal suppository to an older patient. Which step best protects the patient’s safety?,"Ask the patient to take deep, slow breaths as the suppository is being inserted.",Insert the suppository 5 centimetres into the rectum.,Place the patient in the left side-lying position with the top leg flexed.,Instruct the patient to use the call light for assistance to the bathroom.,,,D,Canadian Clinical Nursing Skills and Techniques,21 - Nonparenteral Medications
BSCN9330,CFPR Medications,T,Which statement made by a nurse best illustrates an understanding of the role of and unregulated care provider (UCP) in administering a rectal suppository?,“Find out whether the patient is capable of inserting the suppository.”,“Please tell the patient to report if any rectal bleeding occurs.”,“Be sure to let me know if the patient has a bowel movement.”,“Remember to lubricate the suppository.”,,,C,Canadian Clinical Nursing Skills and Techniques,21 - Nonparenteral Medications
BSCN9330,CFPR Medications,T,"After administering a rectal suppository for constipation, the nurse will monitor for all of the following responses except which one?",Low platelet count,Rectal pain,Bradycardia,Evacuation of stool,,,A,Canadian Clinical Nursing Skills and Techniques,21 - Nonparenteral Medications
BSCN9330,CFPR Medications,T,The nurse should question a provider’s prescription to insert a suppository into the rectum of a patient with which condition?,Watery diarrhea,Rectal inflammation,External hemorrhoids,Internal hemorrhoids,,,A,Canadian Clinical Nursing Skills and Techniques,21 - Nonparenteral Medications
BSCN9330,CFPR Medications,T,The nurse is preparing to apply a topical oil-based medication to a patient’s forearms. What should the nurse do to minimize the risk of contamination during the application?,Encourage the patient to self-apply the medication.,Wear treatment gloves during the entire application process.,Change gloves between prepping the skin and applying the medication.,Perform effective hand hygiene before and after applying the medication.,,,C,Canadian Clinical Nursing Skills and Techniques,21 - Nonparenteral Medications
BSCN9330,CFPR Medications,T,Which of the following discharge instructions would be most important in ensuring the safety of a patient who will need to apply a transdermal patch daily at home?,Apply sufficient pressure to the edges of the patch to ensure adequate adherence.,Avoid using a heating pad on or near the application site.,Pat the application site dry before applying the patch.,Reapply the patch to the same site each time to enhance absorption.,,,B,Canadian Clinical Nursing Skills and Techniques,21 - Nonparenteral Medications
BSCN9330,CFPR Medications,T,Which of the following is not taken into consideration when determining the appropriate amount of a topical medication to be applied to the skin?,Size of the skin site,Other medications the patient is taking,Manufacturer’s instructions for application of the product,Health care provider’s prescription,,,B,Canadian Clinical Nursing Skills and Techniques,21 - Nonparenteral Medications
BSCN9330,CFPR Medications,T,The nurse is preparing to discharge a patient after instructing them in self-application of a topical medication. What is the best way for the nurse to ensure that the patient understands the instructions?,Discuss with the patient the most common errors in application.,Review the material several times with the patient and caregiver(s).,Allow the patient to apply the topical medication and provide feedback on technique.,Give the patient printed materials for later reference.,,,C,Canadian Clinical Nursing Skills and Techniques,21 - Nonparenteral Medications
BSCN9330,CFPR Medications,T,The nurse is applying a topical antibiotic and dressing to a burn on the hand of a patient being treated as an outpatient. What is the most important thing the nurse can do to minimize the risk of infection?,Evaluate the patient’s ability to recognize the signs and symptoms of infection.,Perform effective hand hygiene before and after the application.,Instruct the patient not to change the dressing between visits.,Apply the medication using sterile technique.,,,D,Canadian Clinical Nursing Skills and Techniques,21 - Nonparenteral Medications
BSCN9330,CFPR Medications,T,What would the nurse do if they were not able to insert a nasogastric tube in either of a patient’s nares?,Ask another nurse to attempt the insertion.,Document the attempts in the patient’s medical record.,Notify the physician that the attempts were unsuccessful.,Allow the patient to rest for 30 minutes before resuming the process.,,,C,Canadian Clinical Nursing Skills and Techniques,21 - Nonparenteral Medications
BSCN9330,CFPR Medications,T,What would the nurse do if they encountered resistance when inserting a nasogastric tube?,Ask the patient to cough.,Withdraw the tube to the nasopharynx.,Encourage the patient to swallow.,Instruct the patient to hyperextend the neck.,,,B,Canadian Clinical Nursing Skills and Techniques,21 - Nonparenteral Medications
BSCN9330,CFPR Medications,T,Which patient does not have a medical condition that contraindicates placement of a nasogastric tube?,A 28-year-old patient who fractured a femur after heavy drinking.,A 73-year-old patient who is on anticoagulation therapy.,A 54-year-old patient who broke a cheekbone in a fall.,A 67-year-old patient with a history of unexplained nosebleeds.,,,A,Canadian Clinical Nursing Skills and Techniques,21 - Nonparenteral Medications
BSCN9330,CFPR Medications,T,What might the nurse do to reduce the patient’s discomfort before inserting a nasogastric tube?,Examine each naris for patency and skin breakdown.,Place the patient in the high-Fowler’s position.,Anesthetize the throat.,Have the patient take a few sips of water.,,,A,Canadian Clinical Nursing Skills and Techniques,21 - Nonparenteral Medications
BSCN9330,CFPR Medications,T,Which intervention might the nurse delegate to the unregulated care provider (UCP) when inserting a nasogastric tube?,Positioning the patient in a high-Fowler’s position,Assessing the patient’s abdomen for bowel sounds,Determining any history of unexplained nosebleeds,Educating the patient about the need for the intervention,,,A,Canadian Clinical Nursing Skills and Techniques,21 - Nonparenteral Medications
BSCN9330,CFPR Medications,T,A nurse is preparing to help a patient administer a bronchodilator using a nebulizer. What will the nurse do first in order to evaluate the medication’s effectiveness?,Assess the patient’s respiratory status before administration.,Demonstrate use of the nebulizer.,Discuss the medication adverse effects.,Verify the patient’s identification according to employer policy.,,,A,Canadian Clinical Nursing Skills and Techniques,21 - Nonparenteral Medications
BSCN9330,CFPR Medications,T,What should the nurse do first if the patient or caregiver(s) express concerns about the accuracy of a nebulized medication?,Do not administer the medication.,Explore the patient’s concerns.,Notify the health care provider.,Verify the medication prescription.,,,A,Canadian Clinical Nursing Skills and Techniques,21 - Nonparenteral Medications
BSCN9330,CFPR Medications,T,The nurse needs to administer a nebulized medication to an older person who is too weak hold the nebulizer mouthpiece. Which intervention should the nurse implement?,The nurse should ask a family member or UCP to assist with holding the nebulizer mouthpiece.,The nurse should delay treatment until the patient is stronger.,The nurse should hold the mouthpiece for the patient while the medication is being nebulized.,The nurse should use an aerosol facemask to administer the nebulized medication.,,,D,Canadian Clinical Nursing Skills and Techniques,21 - Nonparenteral Medications
BSCN9330,CFPR Medications,T,Why should the nurse tap the nebulizer medication cup during and near the end of the treatment?,To make the mist form,To improve the patient’s pulmonary function,To provide control of airway hyperactivity and constriction,To release droplets that are clinging to the side of the cup,,,D,Canadian Clinical Nursing Skills and Techniques,21 - Nonparenteral Medications
BSCN9330,CFPR Medications,T,Severe bronchospasm occurs during nebulizer treatment. What action should the nurse take?,The nurse continues to deliver the needed treatment so the patient will not be deprived of a necessary therapy.,The nurse discontinues the medication and notifies the health care provider immediately.,The nurse discontinues the medication for 15 to 20 minutes and then restarts the treatment if bronchospasm resolves.,The nurse switches to an aerosol facemask to administer the nebulized medication.,,,C,Canadian Clinical Nursing Skills and Techniques,21 - Nonparenteral Medications
BSCN9330,CFPR Medications,T,The nurse is preparing to help a patient use a dry powder inhaler. What will the nurse do first in order to evaluate the medication’s effectiveness?,Assess the patient’s respiratory status.,Educate the patient against overuse of the inhaler.,Discuss the adverse effects of the particular medication.,Verify the patient’s identity according to employer policy.,,,A,Canadian Clinical Nursing Skills and Techniques,21 - Nonparenteral Medications
BSCN9330,CFPR Medications,T,"To make sure the medication is delivered properly, what discharge instructions might the nurse give a patient who is being discharged with a dry powder inhaler (DPI)?",Rinse your mouth out with water after using the inhaler.,Use the inhaler while sitting up in bed.,Keep track of the dosage using the counter on the inhaler.,"After inhaling the medication, hold your breath for at least 10 seconds before exhaling.",,,D,Canadian Clinical Nursing Skills and Techniques,21 - Nonparenteral Medications
BSCN9330,CFPR Medications,T,Which statement best illustrates the nurse’s understanding of the role of an unregulated care provider (UCP) in the use of a dry powder inhaler (DPI)?,“Be sure to let me know if the patient starts coughing again.”,“Did you shake the inhaler well before giving it to the patient?”,“Do you think the patient is capable of using the inhaler independently?”,“Please tell the patient that the inhaler is to be used only when they are having trouble breathing.”,,,A,Canadian Clinical Nursing Skills and Techniques,21 - Nonparenteral Medications
BSCN9330,CFPR Medications,T,"Before discharge, the nurse shows a patient how to use a dry powder inhaler (DPI). What should the nurse now assess?",Patient’s understanding of the purpose of the medication,"Patient’s ability to handle, manipulate, and activate the DPI",Adequacy of the patient’s planned daily medication schedule,Patient’s awareness of the signs of an allergic reaction to the medication,,,B,Canadian Clinical Nursing Skills and Techniques,21 - Nonparenteral Medications
BSCN9330,CFPR Medications,T,"When instructing a patient in the use of a dry powder inhaler (DPI), which statement is accurate?",It is important to shake the DPI before administering the medication.,It is important to exhale while the lips are still around mouthpiece.,It is important to read the manufacturer’s instructions to determine how quickly to inhale the medication.,It is important for the patient to hold their breath for at least 60 seconds after inhaling the medication.,,,C,Canadian Clinical Nursing Skills and Techniques,21 - Nonparenteral Medications
BSCN9330,CFPR Medications,T,A nurse is preparing to help a patient administer a mucolytic agent using a metered-dose inhaler (MDI). What will the nurse do first in order to evaluate the medication’s effectiveness?,Assess the patient’s respiratory status before administration.,Warn against overuse of the inhaler.,Discuss the side effects of the particular medication.,Verify the patient’s identification according to employer policy.,,,A,Canadian Clinical Nursing Skills and Techniques,21 - Nonparenteral Medications
BSCN9330,CFPR Medications,T,Which discharge instruction would help to ensure that the patient achieves maximum therapeutic delivery of the medication when using a metered-dose inhaler (MDI)?,Make sure to report any adverse effects after using your inhaler.,Prime the inhaler if it is new or has not been used for several days.,Hold your breath for 60 seconds after the medication is delivered.,Use the inhaler while sitting up in a chair at 90-degree angle.,,,B,Canadian Clinical Nursing Skills and Techniques,21 - Nonparenteral Medications
BSCN9330,CFPR Medications,T,Which statement best illustrates the nurse’s understanding of the role of the unregulated care provider (UCP) in the use of a metered-dose inhaler?,“Be sure to let me know if they start coughing again.”,“Show the patient how to clean the spacer chamber after they are finished with the inhaler.”,“Offer the patient their inhaler if it looks like they are short of breath.”,“Please tell them the inhaler is to be used no more than three times per day.”,,,A,Canadian Clinical Nursing Skills and Techniques,21 - Nonparenteral Medications
BSCN9330,CFPR Medications,T,"A patient has been prescribed a metered-dose inhaler (MDI) containing 200 doses of a bronchodilator. The patient has been instructed to take two puffs of the medication three times daily. At this dosage, how long will the MDI last?",100 days,50 days,66 days,33 days,,,D,Canadian Clinical Nursing Skills and Techniques,21 - Nonparenteral Medications
BSCN9330,CFPR Medications,T,The nurse is instructing a patient who is to receive both a bronchodilator and a steroid medication delivered by means of a metered-dose inhaler (MDI). Which instruction is necessary for the safe administration of both agents?,“Make sure to use the steroid medication before the bronchodilator.”,“Make sure to use the bronchodilator before the steroid medication.”,“Rinse your mouth with warm water before using the MDI to administer either medication.”,“Make sure you wait at least 30 seconds between administering the bronchodilator and administering the steroid medication.”,,,B,Canadian Clinical Nursing Skills and Techniques,21 - Nonparenteral Medications
BSCN9330,CFPR Medications,T,Which instruction reflects the nurse’s correct understanding of the role of an unregulated care provider (UCP) in caring for a patient receiving an intravenous (IV) antibiotic medication by piggyback?,“Assess the IV site frequently for signs of infiltration.”,“Let me know immediately if the patient complains of pain at the IV site.”,“Notify the health care provider that the patient is allergic to the medication prescribed.”,“Remember to hang the piggyback medication higher than the primary solution.”,,,B,Canadian Clinical Nursing Skills and Techniques,22 - Parenteral Medications
BSCN9330,CFPR Medications,T,"When administering an IV piggyback medication to infuse by gravity, how can the nurse ensure that the medication will flow properly?",Use an infusion pump to regulate the flow rate of the piggyback medication.,Hang the piggyback medication higher than the primary fluid.,Attach the piggyback medication to the most proximal insertion port on the primary tubing.,Use a secondary infusion set for the piggyback tubing.,,,B,Canadian Clinical Nursing Skills and Techniques,22 - Parenteral Medications
BSCN9330,CFPR Medications,T,What is the best way to protect a patient from an IV site injury when giving an antibiotic medication by piggyback?,Use a site into which a primary solution is already infusing.,Assess the IV site before initiating the IV piggyback medication.,Select a relatively small vein to infuse the IV medication.,Instruct the UCP to notify you immediately if the insertion site appears swollen.,,,B,Canadian Clinical Nursing Skills and Techniques,22 - Parenteral Medications
BSCN9330,CFPR Medications,T,What is the best way to prevent infection and conserve resources when terminating an IV piggyback medication infusion in a patient who also has a primary fluid infusion?,Remove the tubing from the primary line Y-site port and cap the end.,Leave both the piggyback tubing and the bag attached to the primary line Y-site port until the next scheduled dose.,Place an unopened secondary setup at the bedside and discard the used one.,Change both the primary and secondary tubing upon terminating the piggyback infusion.,,,B,Canadian Clinical Nursing Skills and Techniques,22 - Parenteral Medications
BSCN9330,CFPR Medications,T,Which nursing intervention is most important in ensuring safe infusion of a medication delivered by IV piggyback through a saline lock?,Use the most proximal insertion port on the primary tubing.,Hang the piggyback solution higher than the primary infusion solution.,Use a pump to regulate the infusion rate of the piggyback medication.,Flush the saline lock with 0.9% sodium chloride solution before initiating the infusion.,,,D,Canadian Clinical Nursing Skills and Techniques,22 - Parenteral Medications
BSCN9330,CFPR Medications,T,"When administering an intradermal injection, which outcome would require the nurse to withdraw the needle and begin again?",Aspiration of blood prior to injecting the medication,Inability to feel resistance when injecting the medication,Formation of a 6-mm bleb at the injection site,Appearance of a lesion resembling a mosquito bite at the injection site,,,B,Canadian Clinical Nursing Skills and Techniques,22 - Parenteral Medications
BSCN9330,CFPR Medications,T,Which statement might the nurse make to the unregulated care provider (UCP) when caring for a patient who is prescribed an intradermal injection?,“Be sure to wear clean gloves during the injection.”,“Tell them it’s OK; the site should look like a mosquito bite.”,“Immediately report any patient complaints of itching or dyspnea.”,“Remind the patient to come back in 48 to 72 hours so we can evaluate the site.”,,,C,Canadian Clinical Nursing Skills and Techniques,22 - Parenteral Medications
BSCN9330,CFPR Medications,T,Which finding tells the nurse that a patient may have had a positive reaction to a tuberculin test?,A raised wheal the size of a mosquito bite,A bruised area 10 mm or greater in diameter,"A hard, raised area 15 mm or greater in diameter","A flat, reddened area 5 mm or greater in diameter",,,C,Canadian Clinical Nursing Skills and Techniques,22 - Parenteral Medications
BSCN9330,CFPR Medications,T,In which site would it be inappropriate to administer an intradermal injection?,Lower abdomen of a patient who is overweight,Upper back of a patient who is on bed rest,Right deltoid of a high school softball pitcher,Left forearm of a patient with right-sided weakness,,,C,Canadian Clinical Nursing Skills and Techniques,22 - Parenteral Medications
BSCN9330,CFPR Medications,T,How can the nurse determine that the needle tip for an intradermal injection is in the dermis?,A bleb the size of a mosquito bite will appear.,The needle will enter at a 5- to 15-degree angle.,The bulge of the needle tip will be visible through the skin.,The needle will penetrate through the epidermis to a depth of about ⅛ inch.,,,C,Canadian Clinical Nursing Skills and Techniques,22 - Parenteral Medications
BSCN9330,CFPR Medications,T,Which action by the nurse ensures patient safety when administering an intramuscular injection?,Putting on clean gloves before administration.,Rotating injection sites.,Aspirating for blood return when administering a vaccine.,Injecting the medication quickly.,,,B,Canadian Clinical Nursing Skills and Techniques,22 - Parenteral Medications
BSCN9330,CFPR Medications,T,"When preparing an intramuscular injection, what can the nurse do to reduce the patient’s risk for infection?",Wear clean gloves.,Use a 3-ml syringe.,Clean the injection site with an alcohol swab.,Massage the injection site.,,,C,Canadian Clinical Nursing Skills and Techniques,22 - Parenteral Medications
BSCN9330,CFPR Medications,T,Which action by the nurse is most appropriate to ensure proper medication delivery when delivering an intramuscular injection?,Instruct the patient to relax.,Insert the needle at a 45-degree angle.,Insert the needle at a 90-degree angle.,Pull the skin taut at the injection site when inserting the needle.,,,C,Canadian Clinical Nursing Skills and Techniques,22 - Parenteral Medications
BSCN9330,CFPR Medications,T,Which site is most commonly used for intramuscular injections?,Ventrogluteal,Abdominal,Deltoid,Dorsogluteal,,,A,Canadian Clinical Nursing Skills and Techniques,22 - Parenteral Medications
BSCN9330,CFPR Medications,T,Which action by the nurse helps to prevent medication leakage into the subcutaneous tissue and seals the medication in the muscle?,Using a 25mm (1-inch) needle,Inserting the needle at a 45- to 60-degree angle,Withdrawing the needle immediately after delivering the medication,Administering medication using the Z-track method,,,D,Canadian Clinical Nursing Skills and Techniques,22 - Parenteral Medications
BSCN9330,CFPR Medications,T,Which statement might a nurse make to the unregulated care provider (UCP) when caring for a patient prescribed an intravenous (IV) bolus of analgesic medication?,“Assess the IV site frequently for signs of inflammation.”,“Let me know immediately if the patient complains of pain at the insertion site.”,“Make sure the patient knows what results to expect from the medication.”,“Observe the IV site for sudden swelling when the IV bolus is administered.”,,,B,Canadian Clinical Nursing Skills and Techniques,22 - Parenteral Medications
BSCN9330,CFPR Medications,T,Which patient safety issue is specific to medication administration by IV bolus?,Determining that the medication is compatible with the IV solution.,Checking for patient allergies before giving the medication.,Identifying the patient using two identifiers.,Checking the medication against the electronic health record (EHR) three times.,,,A,Canadian Clinical Nursing Skills and Techniques,22 - Parenteral Medications
BSCN9330,CFPR Medications,T,What is the most important action the nurse can take to protect the patient when administering a narcotic analgesic by IV bolus?,Injecting the medication at the prescribed rate.,Observing the insertion site after giving the medication.,Instructing the patient about side effects to report to the nurse.,Using an alcohol swab to wipe the insertion port on the primary tubing.,,,A,Canadian Clinical Nursing Skills and Techniques,22 - Parenteral Medications
BSCN9330,CFPR Medications,T,How can the nurse best minimize the patient’s risk for infection when administering an IV bolus of an analgesic?,Use the injection port closest to the patient.,Assess the IV insertion site for signs of infiltration.,Follow aseptic technique during the entire process.,Instruct the patient to report any adverse medication reactions.,,,C,Canadian Clinical Nursing Skills and Techniques,22 - Parenteral Medications
BSCN9330,CFPR Medications,T,"If the nurse does not see blood return when aspirating the saline lock in preparation for an IV bolus medication, what is the next step?",Attempt to aspirate the site again.,Prepare to access another IV site.,Assess the saline lock site for signs of phlebitis.,Assess the site for swelling or coolness while flushing the saline lock with normal saline.,,,D,Canadian Clinical Nursing Skills and Techniques,22 - Parenteral Medications
BSCN9330,CFPR Medications,T,Which action would the nurse take to diminish tissue irritation when administering a subcutaneous injection to a patient of average size?,Massage the site after administration.,Ensuring the volume of the medication is less than 2 mL.,Administer the injection at a 45- to 90-degree angle.,Wear clean gloves while administering the injection.,,,B,Canadian Clinical Nursing Skills and Techniques,22 - Parenteral Medications
BSCN9330,CFPR Medications,T,Which needle would be most appropriate for the nurse to use when giving a subcutaneous injection to a patient of average height and weight?,"20-gauge, ½-inch","22-gauge, 1-inch","25-gauge, ⅜-inch","27-gauge, 1-inch",,,C,Canadian Clinical Nursing Skills and Techniques,22 - Parenteral Medications
BSCN9330,CFPR Medications,T,What can the nurse do to minimize the discomfort of a subcutaneous injection?,Inject the medication rapidly.,Massage the injection site.,Cover the injection site with a gauze pad after withdrawing the needle.,Inject the medication without pinching the skin.,,,C,Canadian Clinical Nursing Skills and Techniques,22 - Parenteral Medications
BSCN9330,CFPR Medications,T,"When preparing to administer heparin or insulin subcutaneously, which site is preferred?",Abdomen,Scapula,Deltoid muscle,Back of the upper arm,,,A,Canadian Clinical Nursing Skills and Techniques,22 - Parenteral Medications
BSCN9330,CFPR Medications,T,What can the nurse do to ensure proper site selection for subcutaneous insulin injection?,Insert the needle at a 30-degree angle.,Select a different anatomical region for each injection.,Ask the patient to relax before inserting the needle.,Systematically rotate sites within the same anatomical location or area.,,,D,Canadian Clinical Nursing Skills and Techniques,22 - Parenteral Medications
BSCN9330,CFPR Medications,T,"A nurse is preparing to withdraw medication from an open multi-dose vial. After confirming that the vial contains the appropriate medication and checking the expiration date, what would the nurse do next?",Apply clean gloves.,Vigorously shake the vial.,Wipe the rubber seal of the vial with an alcohol swab.,Introduce air equal to the amount of medication needed.,,,C,Canadian Clinical Nursing Skills and Techniques,22 - Parenteral Medications
BSCN9330,CFPR Medications,T,What would the nurse do to remove air trapped in a syringe before withdrawing the syringe from the vial?,Position the tip of the needle in the vial’s airspace and tap the barrel of the syringe.,Position the tip of the needle below the fluid line and tap the vial.,Position the vial on a flat surface and tap the syringe.,Position the syringe above the vial and tap the vial.,,,A,Canadian Clinical Nursing Skills and Techniques,22 - Parenteral Medications
BSCN9330,CFPR Medications,T,How can the nurse prevent negative pressure from building up in the vial when preparing an injection?,Inject a volume of air into the vial equivalent to the volume of medication to be withdrawn.,Insert the needle through the centre of the rubber seal.,Keep the tip of the needle below the level of fluid in the vial.,Tap the barrel of the syringe to dislodge air bubbles.,,,A,Canadian Clinical Nursing Skills and Techniques,22 - Parenteral Medications
BSCN9330,CFPR Medications,T,How can the nurse ensure that the medication from a single-dose vial is used appropriately?,Check to see when the medication vial was opened initially.,Write the date and their initials on the label when opening the vial.,Draw the entire amount of medication from the vial into the syringe.,Discard the vial and any remaining medication in the vial directly after use.,,,D,Canadian Clinical Nursing Skills and Techniques,22 - Parenteral Medications
BSCN9330,CFPR Medications,T,What will the nurse do after opening a multi-dose vial and withdrawing a dose of medication from it?,Discard the unused portion of the medication.,Wipe the entire vial with an antiseptic swab.,Send the unused portion back to the pharmacy.,Label the vial with the date it was opened and your initials.,,,D,Canadian Clinical Nursing Skills and Techniques,22 - Parenteral Medications
BSCN9330,CFPR Medications,T,"When preparing an injection from an ampoule, what will the nurse do if liquid is trapped in the neck of the ampoule?",Check the medication cabinet for an extra ampoule of the medication.,Notify the pharmacy that an additional ampoule of medication will be needed.,"Use quick, light finger taps on the top of the ampoule to move the liquid.",Shake the medication out of the neck of the ampoule.,,,C,Canadian Clinical Nursing Skills and Techniques,22 - Parenteral Medications
BSCN9330,CFPR Medications,T,What is the greatest safety concern when withdrawing medication from an ampoule?,Not wearing gloves when preparing medication,Selecting an inappropriate needle size,Withdrawing glass particles into the syringe,Withdrawing bubbles into the syringe,,,C,Canadian Clinical Nursing Skills and Techniques,22 - Parenteral Medications
BSCN9330,CFPR Medications,T,How does the nurse minimize the risk of patient infection when preparing medication from an ampoule?,Using a filter needle to draw up the medication,Preparing the medication in the patient’s room,Applying clean gloves while preparing the medication,Preserving the sterility of the needle while preparing the medication,,,D,Canadian Clinical Nursing Skills and Techniques,22 - Parenteral Medications
BSCN9330,CFPR Medications,T,Which action minimizes the risk of introducing glass particles into the syringe when drawing medication from an ampoule?,Using minimal force to snap the neck of the ampoule,Using gauze to cover the top of the ampoule when snapping it,Using a filter needle or straw to draw the medication from the ampoule,Allowing the medication to settle after the ampoule has been snapped open,,,C,Canadian Clinical Nursing Skills and Techniques,22 - Parenteral Medications
BSCN9330,CFPR Medications,T,Which action might the nurse take when drawing up medication from an ampoule?,Place the ampoule on a flat surface while inserting the filter needle.,Inject air into the ampoule before withdrawing the medication.,Hold the ampoule horizontally while inserting the filter needle.,Expel air bubbles from the syringe while the filter needle is still inside the ampoule.,,,A,Canadian Clinical Nursing Skills and Techniques,22 - Parenteral Medications
BSCN9330,CFPR Medications,T,The nurse is preparing to mix short- and intermediate-acting insulins to administer to a patient. Which action best preserves the insulin’s effectiveness?,Determining the patient’s blood glucose level.,Refraining from injecting the intermediate-acting insulin into the short-acting vial.,Applying clean gloves when administering the medication.,Having another registered nurse verify the dose of both types of insulins.,,,B,Canadian Clinical Nursing Skills and Techniques,22 - Parenteral Medications
BSCN9330,CFPR Medications,T,"The patient is to receive both insulin glargine (Lantus®) and regular insulin. To ensure the proper action of the insulins, what would the nurse do when preparing these two types of insulin for administration?",Mix the insulins in one syringe for a single injection.,Prepare the insulins in two syringes for separate injections.,Roll each vial between the palms to disperse the medication within the suspension.,Have another registered nurse verify the dose of the insulins.,,,B,Canadian Clinical Nursing Skills and Techniques,22 - Parenteral Medications
BSCN9330,CFPR Medications,T,"When preparing an injection that contains both short- and intermediate-acting insulins, what is the first step the nurse would take to ensure the effectiveness of the injection?",Insert air into the intermediate-acting insulin.,Warm the vials to room temperature.,Shake the vials to disperse the medication within the suspension.,Withdraw the prescribed amount of short-acting insulin after the intermediate-acting insulin.,,,A,Canadian Clinical Nursing Skills and Techniques,22 - Parenteral Medications
BSCN9330,CFPR Medications,T,"When preparing an injection of mixed insulin that includes 12 units of NPH and 5 units of regular insulin, how does the nurse initially confirm the proper dosage in the syringe?",By noting when 5 units of clear insulin is visible in the syringe.,By noting when 12 units of cloudy insulin is visible in the syringe.,By having another registered nurse verify the presence of 17 units of insulin.,By verifying that the prescription confirms the medication administration record (MAR).,,,A,Canadian Clinical Nursing Skills and Techniques,22 - Parenteral Medications
BSCN9330,CFPR Medications,T,Which action would the nurse take when mixing a rapid or short-acting insulin with an intermediate acting insulin?,Draw the intermediate-acting insulin first.,Draw the rapid or short-acting insulin first,Prepare two injections.,Draw either the rapid or short-acting or the intermediate or long-acting insulin into the syringe first.,,,B,Canadian Clinical Nursing Skills and Techniques,22 - Parenteral Medications
BSCN9330,CFPR Medications,T,"After administering a medication via an intravenous (IV) piggyback, the nurse notes infiltration of medication into the subcutaneous tissue. Facility policy indicates the need for extravasation care, including",administering antihistamine or epinephrine.,assessing the injection site for potential injury.,administering phentolamine around the infiltration site.,starting a new IV site first.,,,C,Canadian Clinical Nursing Skills and Techniques,22 - Parenteral Medications
BSCN9330,CFPR Medications,T,"When medication is administered via continuous subcutaneous infusion (CSCI), sites for children are rotated based on which following guideline?",When the CSCI needle falls out,Every 48 to 72 hours,Every 2 to 7 days,When the infusion is complete,,,B,Canadian Clinical Nursing Skills and Techniques,22 - Parenteral Medications
BSCN9330,CFPR Medications,T,Continuous subcutaneous infusion (CSCI) is an appropriate route for administration of,fluids to older persons.,antibiotics.,insulin to infants.,all intravenous medications.,,,A,Canadian Clinical Nursing Skills and Techniques,22 - Parenteral Medications
BSCN9330,CFPR Medications,T,The recommended method for intramuscular (IM) injection that prevents leakage of medication into subcutaneous tissues is ___________.,Z track,insertion at a 90-degree angle,insertion at a 60-degree angle,T track,,,A,Canadian Clinical Nursing Skills and Techniques,22 - Parenteral Medications
BSCN9330,CFPR Medications,T,"After changing the intravenous (IV) tubing on a patient’s primary infusion, the nurse notes air bubbles in the tubing. How would the nurse remove them?",Begin the process again.,Add more fluid to the drip chamber.,Inject a syringe of saline into the tubing to vent the air bubbles.,"Close the clamp, stretch the tubing downward, and flick the tubing.",,,D,Canadian Clinical Nursing Skills and Techniques,29 - Vascular Access & Infusion Therapy
BSCN9330,CFPR Medications,T,Which action can the nurse take to minimize the patient’s risk for infection when applying new tubing to a primary IV infusion?,Using aseptic technique throughout the process,Changing the tubing each shift,Changing the tubing at the same time a new primary fluid bag is hung when possible,Using aseptic technique and changing the tubing at the same time a new primary fluid bag is hung are both appropriate to minimize the patient’s risk for infection,,,D,Canadian Clinical Nursing Skills and Techniques,29 - Vascular Access & Infusion Therapy
BSCN9330,CFPR Medications,T,"While changing a patient’s hospital gown, the IV infusion becomes disconnected and ends up on the bed linens. What would the nurse do?",Reconnect the extension set.,Clean the end with an alcohol swab and reconnect it.,Pull the IV from the site and insert a new catheter.,Change the administration set tubing.,,,D,Canadian Clinical Nursing Skills and Techniques,29 - Vascular Access & Infusion Therapy
BSCN9330,CFPR Medications,T,What would the nurse do to ensure the correct administration of gravity drip intravenous (IV) fluid after changing the tubing on a patient’s primary infusion?,Change the tubing with each new infusion bag.,Wear clean treatment gloves when changing the tubing.,Recheck the drip rate by counting the drops for 1 full minute.,Assess the condition of the patient’s insertion site for possible infiltration.,,,C,Canadian Clinical Nursing Skills and Techniques,29 - Vascular Access & Infusion Therapy
BSCN9330,CFPR Medications,T,Which instruction would the nurse give to the unregulated care provider (UCP) when caring for a patient who is receiving IV fluids?,"“If the IV tubing gets disconnected, quickly reconnect it for me and let me know.”",“It’s okay for you to turn off the pump alarm when it beeps.”,“Let me know when the IV bag is almost empty.”,“Please check the IV site for me and let me know if it’s tender.”,,,C,Canadian Clinical Nursing Skills and Techniques,29 - Vascular Access & Infusion Therapy
BSCN9330,CFPR Medications,T,Which instruction to the unregulated care provider (UCP) reflects the nurse’s correct understanding of the UCP’s role in regulating an intravenous infusion for a patient receiving intravenous (IV) fluids by gravity drip?,“Assess the IV site frequently for signs of inflammation.”,“Be sure not to obscure the insertion site with the dressing.”,“Let me know when you notice that the IV bag contains less than 100 mL.”,"“Tell the patient to notify me if the IV site is painful, swollen, or red.”",,,C,Canadian Clinical Nursing Skills and Techniques,29 - Vascular Access & Infusion Therapy
BSCN9330,CFPR Medications,T,The health care provider has prescribed that a patient be given 1000 mL of IV normal saline to run over 12 hours. What is the first step in the calculation of the rate of infusion?,Calculate the hourly volume of normal saline the patient should receive.,Determine the drop factor of the tubing that will be used for the infusion.,Calculate the drops per minute at which the tubing will be regulated.,Determine the drops per mL that the tubing will deliver.,,,A,Canadian Clinical Nursing Skills and Techniques,29 - Vascular Access & Infusion Therapy
BSCN9330,CFPR Medications,T,The health care provider prescribed that a patient be given 1000 mL of IV normal saline to run over 10 hours. The drop factor of the selected tubing is 15. What is the correct rate of infusion in drops per minute?,25 drops/minute,30 drops/minute,35 drops/minute,40 drops/minute,,,A,Canadian Clinical Nursing Skills and Techniques,29 - Vascular Access & Infusion Therapy
BSCN9330,CFPR Medications,T,The nurse receives a prescription to infuse 1000 mL of D5W at 125 mL continuously. Which of the following actions by the nurse indicates correct interpretation of this prescription?,Infusing D5W 1000 mL for 8 hours and then discontinuing the infusion,Infusing D5W at a rate of 125 mL/hr for 24 hours and then discontinuing the infusion,Infusing D5W at a rate of 125 mL/hr until the health care provider changes the prescription,Calling the health care provider to clarify the order,,,C,Canadian Clinical Nursing Skills and Techniques,29 - Vascular Access & Infusion Therapy
BSCN9330,CFPR Medications,T,Which action by the nurse helps to ensure patient safety when administering IV fluids by gravity to very young children?,Using microdrip tubing for the infusion,Using macrodrip tubing for the infusion,Using a volume-control device for the infusion,Not infusing more than 25 mL/hr of IV fluids,,,C,Canadian Clinical Nursing Skills and Techniques,29 - Vascular Access & Infusion Therapy
BSCN9330,CFPR Medications,T,What would the nurse do to assess a patient’s risk for embolus when removing a venous access device?,Inspect the site for redness.,Visualize the tip of the IV device.,Palpate the site for possible edema.,Ask the patient to rate any pain at the site.,,,B,Canadian Clinical Nursing Skills and Techniques,29 - Vascular Access & Infusion Therapy
BSCN9330,CFPR Medications,T,Which instruction might the nurse give to the unregulated care provider (UCP) when caring for a patient whose IV access device is to be removed?,“Remember to wear gloves to minimize the risk for infection.”,“Be sure to keep pressure on the site for at least 2 to 3 minutes.”,“Let me know if you notice any bleeding on the site dressing.”,“Make sure the patient knows to notify me if the IV site becomes painful.”,,,C,Canadian Clinical Nursing Skills and Techniques,29 - Vascular Access & Infusion Therapy
BSCN9330,CFPR Medications,T,What might the nurse do to improve a patient’s cooperation during the removal of an IV access device?,Describe the entire procedure to the patient.,Assure the patient that you will remove the IV catheter quickly.,Assure the patient that the procedure will take only about 5 minutes.,Tell the patient that the procedure will cause only a slight burning sensation.,,,A,Canadian Clinical Nursing Skills and Techniques,29 - Vascular Access & Infusion Therapy
BSCN9330,CFPR Medications,T,Which action will best minimize the patient’s risk for vein injury when removing an IV access device from a patient’s arm?,Keep the hub parallel to the skin.,Cleanse the site with an antibacterial swab.,Cut the dressing to facilitate its removal.,Turn the IV tubing roller clamp to the “off” position.,,,A,Canadian Clinical Nursing Skills and Techniques,29 - Vascular Access & Infusion Therapy
BSCN9330,CFPR Medications,T,What will the nurse do to prevent possible complications after removing an IV access device in a patient on anticoagulant therapy?,Instruct the patient to report immediately any sign of bleeding on the site dressing.,Perform hand hygiene and wear clean gloves while removing the device.,Encourage the patient to keep a cold compress on the site for 15 minutes.,Apply firm pressure to the site with sterile gauze for 10 minutes.,,,D,Canadian Clinical Nursing Skills and Techniques,29 - Vascular Access & Infusion Therapy
BSCN9330,CFPR Medications,T,The nurse consistently observes that the positioning of a confused patient’s arm has a direct effect on the flow rate of the intravenous (IV) solution. What might the nurse do to ensure infusion of the patient’s IV fluid at a consistent rate?,Restart the IV in another location less affected by the patient’s positioning.,Include this information in the shift report regarding this patient.,Assess the flow rate every 1 to 2 hours.,Instruct the patient to avoid positioning the arm in ways that alter the flow rate.,,,A,Canadian Clinical Nursing Skills and Techniques,29 - Vascular Access & Infusion Therapy
BSCN9330,CFPR Medications,T,Which instruction might the nurse give to the unregulated care provide (UCP) regarding the care of a patient with a venous access device?,“Assess the IV site frequently for signs of inflammation.”,“Be sure not to obscure the insertion site with the dressing.”,“Let me know if you notice that the dressing has become damp.”,"“Make sure the patient knows to notify me if the IV site becomes painful, swollen, or red.”",,,C,Canadian Clinical Nursing Skills and Techniques,29 - Vascular Access & Infusion Therapy
BSCN9330,CFPR Medications,T,What might the nurse do to minimize the risk for injury in a patient receiving IV therapy?,Regulate the flow rate of the infusion.,Assess the patient frequently for pain at the IV site.,Monitor the IV site frequently for signs of infiltration and phlebitis.,Educate the patient regarding symptoms of infiltration and phlebitis.,,,A,Canadian Clinical Nursing Skills and Techniques,29 - Vascular Access & Infusion Therapy
BSCN9330,CFPR Medications,T,"The nurse observes erythema at the insertion site of a patient’s IV infusion device. When asked, the patient denies pain at the site. Using the phlebitis scale, what score does the nurse give the injury?",1,2,3,4,,,A,Canadian Clinical Nursing Skills and Techniques,29 - Vascular Access & Infusion Therapy
BSCN9330,CFPR Medications,T,A patient’s IV site has developed phlebitis scored as a 4 on the phlebitis scale. What would the nurse do to help treat the site?,Apply a cool compress.,Apply a warm compress.,Apply a pressure dressing.,Apply an elastic compression wrap.,,,B,Canadian Clinical Nursing Skills and Techniques,29 - Vascular Access & Infusion Therapy
BSCN9330,CFPR Medications,T,"The nurse is caring for a patient receiving antineoplastic medications intravenously. The nurse discovers that the intravenous site is red, edematous, and painful. The nurse knows that antineoplastic medications are vesicant medications and documents that the patient has experienced which of the following events?",Occlusion,Extravasation,Phlebitis,Thrombophlebitis,,,B,Canadian Clinical Nursing Skills and Techniques,29 - Vascular Access & Infusion Therapy
BSCN9330,CFPR Medications,T,Established standards for routine replacement of peripheral intravenous (IV) catheters and IV administration sets have recommended a maximum of _____ hours to reduce IV fluid contamination and prevent catheter site complications.,24,48,72,96,,,D,Canadian Clinical Nursing Skills and Techniques,29 - Vascular Access & Infusion Therapy
BSCN9330,CFPR Medications,T,"While assessing the patient, the nurse recognizes that special caution should be taken with the intravenous (IV) infusion because of fluid volume excess when the nurse notes the presence of which condition?",Poor skin turgor,Crackles in the lungs,Decreased blood pressure,Dry skin and mucous membranes,,,B,Canadian Clinical Nursing Skills and Techniques,29 - Vascular Access & Infusion Therapy
BSCN9330,CFPR Medications,T,The nurse needs to specifically prevent air emboli that may result from intravenous (IV) therapy. What should the nurse make sure to do to prevent air emboli?,Use a needleless system.,Prime the tubing completely.,Check for medication compatibility.,Select a larger-gauge needle or catheter.,,,B,Canadian Clinical Nursing Skills and Techniques,29 - Vascular Access & Infusion Therapy
BSCN9330,CFPR Medications,T,Which of the following steps is necessary when a patient is prepared for intravenous (IV) catheter insertion?,Shaving the hair from the site,Selecting a proximal site in an extremity,Applying a tourniquet at least 10 cm (4 inches) above the selected site,Vigorously taping and massaging the selected vein,,,C,Canadian Clinical Nursing Skills and Techniques,29 - Vascular Access & Infusion Therapy
BSCN9370,NAT Acute & Chronic Illness,T,"The nurse is caring for a patient with longstanding, well-controlled diabetes who has acquired an acute infection. Which of the following is true about the impact of an acute infection in relation to diabetes?",Masks all other symptoms.,Influences changes to blood glucose and insulin requirements.,Reduces the amount of insulin required.,Increases the amount of insulin required.,,,B,Medical-Surgical Nursing in Canada,5 - Chronic Illness
BSCN9370,NAT Acute & Chronic Illness,T,A 70-year-old has just been diagnosed with chronic obstructive pulmonary disease (COPD). At what point should the nurse begin to include the patient’s spouse in the teaching around the management of the disease?,As soon as possible.,When the patient requests assistance from his spouse and family.,When the patient becomes unable to manage his symptoms independently.,After the patient has had the opportunity to adjust to his treatment regimen.,,,A,Medical-Surgical Nursing in Canada,5 - Chronic Illness
BSCN9370,NAT Acute & Chronic Illness,T,A nurse is preparing to have a difficult discussion with a patient regarding their recent diagnosis of a chronic illness. The nurse should be aware that barriers to effective communication include which of the following?,Age of the patient,Balancing hope and reality when discussing bad news,Letting the patient lead the discussion,The patient’s culture,,,A,Medical-Surgical Nursing in Canada,5 - Chronic Illness
BSCN9370,NAT Acute & Chronic Illness,T,Why is chronic illness on the rise in Canada?,The age of the population is decreasing and risk factor rates are rising.,The episodic model of care is unable to address chronic health problems.,The age of the population is increasing and risk factor rates are falling.,Conditions are underdiagnosed and monitoring of chronic conditions is inconsistent.,,,B,Medical-Surgical Nursing in Canada,5 - Chronic Illness
BSCN9370,NAT Acute & Chronic Illness,T,Which of the following assessment findings would alert the nurse to possible caregiver distress? (Select all that apply.),Inadequate self-care,Increased health-promotion activities,Increased fatigue,Increased psychological distress,Decreased risk of cardiovascular disease,,A|C|D,Medical-Surgical Nursing in Canada,5 - Chronic Illness
BSCN9370,NAT Acute & Chronic Illness,T,A 67-year-old who has chronic urinary incontinence is in the habit of arriving 20 minutes early for church in order to ensure that she gets a seat near the end of a row and close to the exit so that she has ready access to the washroom. Which of the following tasks of the chronically ill is the woman enacting? (Select all that apply.),Controlling symptoms,Preventing social isolation,Preventing and managing a crisis,Denying the reality of the problem,Adjusting to changes in the course of the disease,,A|C,Medical-Surgical Nursing in Canada,5 - Chronic Illness
BSCN9370,NAT Acute & Chronic Illness,T,"Before administering meloxicam, the nurse will assess the patient’s medical record for which of the following medications that would increase the risk of adverse effects?",Acetylsalicylic acid,Scopolamine,Theophylline,Acetaminophen,,,A,Medical-Surgical Nursing in Canada,10 - Pain
BSCN9370,NAT Acute & Chronic Illness,T,"After administering oxycodone for complaints of pain, which of the following interventions would be of highest priority for the nurse to complete before leaving the patient’s room?",Leave the overbed light on at low setting,Ensure that the upper two side rails are raised,Offer to turn on the television to provide distraction,Ensure that documentation of intake and output is accurate,,,B,Medical-Surgical Nursing in Canada,10 - Pain
BSCN9370,NAT Acute & Chronic Illness,T,Which of the following assessments is of highest priority for the nurse to complete before administration of morphine?,Pain rating,Blood pressure,Respiratory rate,Level of consciousness,,,C,Medical-Surgical Nursing in Canada,10 - Pain
BSCN9370,NAT Acute & Chronic Illness,T,The nurse is preparing to administer celecoxib 200 mg PO for pain relief. Available are capsules containing 100 mg. How many capsules should the nurse administer?,0.5 capsule,1 capsule,2 capsules,4 capsules,,,C,Medical-Surgical Nursing in Canada,10 - Pain
BSCN9370,NAT Acute & Chronic Illness,T,The nurse should instruct a patient receiving nonsteroidal anti-inflammatory drugs (NSAIDs) to report which of the following adverse effects?,Blurred vision,Nasal stuffiness,Urinary retention,Black or tarry stools,,,D,Medical-Surgical Nursing in Canada,10 - Pain
BSCN9370,NAT Acute & Chronic Illness,T,Which of the following is the most common opioid adverse effect?,Nausea,Constipation,Sedation,Respiratory depression,,,B,Medical-Surgical Nursing in Canada,10 - Pain
BSCN9370,NAT Acute & Chronic Illness,T,"To reduce the risk of adverse effects, the nurse should do which of the following when caring for a patient receiving morphine sulphate via patient-controlled analgesia (PCA)?",Teach the caregiver not to push the button for the patient.,Instruct the patient not to push the button too frequently.,Ask the patient to do deep breathing exercises every hour.,Administer medications to prevent the occurrence of diarrhea.,,,A,Medical-Surgical Nursing in Canada,10 - Pain
BSCN9370,NAT Acute & Chronic Illness,T,The nurse would question an order written for oxycodone for a patient exhibiting which of the following clinical manifestations?,Severe jaundice,Oral candidiasis,Increased urine output,Elevated blood glucose,,,A,Medical-Surgical Nursing in Canada,10 - Pain
BSCN9370,NAT Acute & Chronic Illness,T,The nurse has been assigned to care for a postoperative patient who has been switched from patient-controlled analgesia with meperidine to morphine sulphate after experiencing restlessness and agitation. The caregiver asks why the change has been made. Which of the following replies is most appropriate?,“Restlessness and agitation are symptoms of meperidine toxicity.”,“Meperidine is not controlling the surgical pain effectively.”,“Meperidine has caused the respiratory rate to drop too low.”,“Meperidine can be used for only 24 hours postoperatively.”,,,A,Medical-Surgical Nursing in Canada,10 - Pain
BSCN9370,NAT Acute & Chronic Illness,T,A patient with osteoarthritis has been taking ibuprofen 400 mg every 8 hours. The patient states that the drug does not seem to work as well as it used to in controlling the pain. The most appropriate response to the patient is based on knowledge of which of the following?,Another nonsteroidal anti-inflammatory drug (NSAID) may be indicated because of individual variations in response to drug therapy.,The patient is probably not compliant with the drug therapy and therefore the nurse must initially assess the patient’s knowledge base and initiate appropriate teaching.,"If nonsteroidal anti-inflammatory drugs (NSAIDs) are not effective in controlling symptoms, systemic corticosteroids are the next line of therapy.",It may take several months for nonsteroidal anti-inflammatory drugs (NSAIDs) to reach therapeutic levels in the blood and thus be effective.,,,A,Medical-Surgical Nursing in Canada,10 - Pain
BSCN9370,NAT Acute & Chronic Illness,T,"When assessing a patient receiving morphine sulphate 2 mg every 10 minutes via patient-controlled analgesia (PCA) pump, the nurse should take action as soon as the patient’s respiratory rate drops down to or below which of the following parameters?",16 breaths/minute,14 breaths/minute,12 breaths/minute,10 breaths/minute,,,C,Medical-Surgical Nursing in Canada,10 - Pain
BSCN9370,NAT Acute & Chronic Illness,T,Which of the following clinical manifestations would the nurse attribute to adverse effects of morphine sulphate administered via patient-controlled analgesia (PCA)?,Urinary incontinence,Increased blood pressure,Diarrhea,Nausea and vomiting,,,D,Medical-Surgical Nursing in Canada,10 - Pain
BSCN9370,NAT Acute & Chronic Illness,T,A postoperative patient has an order to receive morphine sulphate 4 mg IM every 3–4 hours PRN for pain. On hand are prefilled syringes labelled morphine sulphate 10 mg/mL. How many millilitres should the nurse administer?,0.4 mL,0.55 mL,0.6 mL,0.75 mL,,,A,Medical-Surgical Nursing in Canada,10 - Pain
BSCN9370,NAT Acute & Chronic Illness,T,A patient asks the nurse why a dose of morphine sulphate by IV bolus is given before starting the medication via patient-controlled analgesia (PCA). Which of the following responses is most appropriate?,"“The IV bolus dose helps your body adjust to medication, and will result in less adverse effects once you start using the patient-controlled analgesia (PCA).""",“The IV bolus dose will enhance the effects of the patient-controlled analgesia (PCA) for the next 8 hours.”,"“The IV bolus dose will provide for immediate pain relief, which can be maintained by using the patient-controlled analgesia (PCA).”",“patient-controlled analgesia (PCA) will never be effective unless a bolus dose is given first.”,,,C,Medical-Surgical Nursing in Canada,10 - Pain
BSCN9370,NAT Acute & Chronic Illness,T,The nurse is caring for a patient who is receiving morphine sulphate via patient-controlled analgesia (PCA). Which of the following patient assessment data demonstrates the most therapeutic effect of this medication?,"Pain rating 1/10, drowsy but arousable, respirations 16","Pain rating 2/10, awake and alert, respirations 18","Pain rating 3/10, awake and alert, respirations 24","Pain rating 2/10, drowsy but arousable, respirations 18",,,B,Medical-Surgical Nursing in Canada,10 - Pain
BSCN9370,NAT Acute & Chronic Illness,T,The nurse should teach a patient to avoid which of the following medications while taking ibuprofen?,Morphine sulphate,Nitroglycerin,Acetylsalicylic acid,Furosemide,,,C,Medical-Surgical Nursing in Canada,10 - Pain
BSCN9370,NAT Acute & Chronic Illness,T,A patient admitted with metastatic lung cancer is ordered to receive morphine sulphate for pain. The nurse should assess for which of the following common adverse reactions to this medication?,Constipation,Agitation,Diarrhea,Urinary incontinence,,,A,Medical-Surgical Nursing in Canada,10 - Pain
BSCN9370,NAT Acute & Chronic Illness,T,A patient is receiving fentanyl to control chronic cancer pain. Which of the following assessments should the nurse observe for as a potential adverse effect of this medication?,Pupillary dilation,Hypertension,Urinary incontinence,Decreased respiratory rate,,,D,Medical-Surgical Nursing in Canada,10 - Pain
BSCN9370,NAT Acute & Chronic Illness,T,"The nurse is caring for a patient receiving morphine sulphate 10 mg IV push PRN for pain. Upon assessment, the nurse finds the patient obtunded with a respiratory rate of 8. Which of the following medications would the nurse prepare to administer to treat these symptoms?",Naloxone,Atropine sulphate,Protamine sulphate,Neostigmine bromide,,,A,Medical-Surgical Nursing in Canada,10 - Pain
BSCN9370,NAT Acute & Chronic Illness,T,The nurse is caring for a postoperative patient receiving epidural fentanyl for pain relief. The nurse will monitor the patient for which of the following common adverse effects? (Select all that apply.),Nausea,Itching,Urinary retention,Ataxia,Diarrhea,,A|B|C,Medical-Surgical Nursing in Canada,10 - Pain
BSCN9370,NAT Acute & Chronic Illness,T,The nurse is admitting a patient with a diagnosis of metastatic lung cancer. Which of the following areas would the nurse assess as a key indicator of clinical depression related to terminal illness?,Frustration with pain,Anorexia and nausea,Feelings of hopelessness,Inability to carry out activities of daily living,,,C,Medical-Surgical Nursing in Canada,13 - Palliative & End-of-Life Care
BSCN9370,NAT Acute & Chronic Illness,T,"A patient who has terminal cancer tells the nurse, “I know I am going to die pretty soon, perhaps in the next month.” Which of the following responses is the most appropriate?",“What are your feelings about being so sick and thinking you may die soon?”,“None of us knows when we are going to die. Is this a particularly difficult day?”,“Would you like for me to call your spiritual advisor so you can talk about your feelings?”,“Perhaps you are depressed about your illness; I will speak to the doctor about getting some medications for you.”,,,A,Medical-Surgical Nursing in Canada,13 - Palliative & End-of-Life Care
BSCN9370,NAT Acute & Chronic Illness,T,The nurse is caring for a patient who is receiving home hospice palliative care. The nurse understands that which of the following is the goal of hospice palliative care?,Supportive care to patients only at the end of life,Improving the quality of life of patients with life-threatening illness,Respite for caregivers of terminally ill patients,Restoration of health for patients who have acute illnesses,,,B,Medical-Surgical Nursing in Canada,13 - Palliative & End-of-Life Care
BSCN9370,NAT Acute & Chronic Illness,T,"The nurse is caring for a patient who has been receiving hospice palliative care for the past several weeks. The caregiver has rung the call bell, stating that the patient now “stops breathing for a while, then breathes fast and hard, and then stops again.” Which of the following terms should the nurse use when documenting this assessment?",Apnea,Bradypnea,Death rattle,Cheyne–Stokes respiration,,,D,Medical-Surgical Nursing in Canada,13 - Palliative & End-of-Life Care
BSCN9370,NAT Acute & Chronic Illness,T,An older person died one year ago following a myocardial infarction that occurred while performing yard work. Which of the following actions would indicate that the patient’s partner is experiencing prolonged grief?,Initially denied the partners death,Talks extensively about the partner in the years following death,Suggests that the partner will be home soon on the anniversary of death,Cries uncontrollably and unpredictably in the weeks following the death,,,C,Medical-Surgical Nursing in Canada,13 - Palliative & End-of-Life Care
BSCN9370,NAT Acute & Chronic Illness,T,Which of the following nursing diagnosis would be appropriate to describe a patient who is receiving end-of-life care? (Select all that apply.),Fear,Altered body image,Readiness for advanced knowledge,Altered verbal communication,Disturbed sleep pattern,,A|D|E,Medical-Surgical Nursing in Canada,13 - Palliative & End-of-Life Care
BSCN9370,NAT Acute & Chronic Illness,T,"The nurse is admitting a patient who has abdominal pain, nausea, and vomiting. A bowel obstruction is suspected. The nurse assesses this patient for which of the following anticipated primary acid–base imbalances if the obstruction is high in the intestine?",Metabolic acidosis,Metabolic alkalosis,Respiratory acidosis,Respiratory alkalosis,,,B,Medical-Surgical Nursing in Canada,"19 - Fluid, Electrolyte, & Acid-Base Balances"
BSCN9370,NAT Acute & Chronic Illness,T,Which of the following serum potassium results best supports the rationale for administering a stat dose of potassium chloride 20 mmol in 250 mL of normal saline over 2 hours?,3.1 mmol/L,3.9 mmol/L,4.6 mmol/L,5.3 mmol/L,,,A,Medical-Surgical Nursing in Canada,"19 - Fluid, Electrolyte, & Acid-Base Balances"
BSCN9370,NAT Acute & Chronic Illness,T,"The nurse receives a health care provider’s prescription to change a patient’s IV from D5½NS with 40 mmol KCl/L to D5NS with 20 mmol KCl/L. Which of the following serum laboratory values, documented on this same patient, best supports the rationale for this IV order change?","Sodium 136 mmol/L, potassium 4.5 mmol/L","Sodium 145 mmol/L, potassium 4.8 mmol/L","Sodium 135 mmol/L, potassium 3.6 mmol/L","Sodium 144 mmol/L, potassium 3.7 mmol/L",,,A,Medical-Surgical Nursing in Canada,"19 - Fluid, Electrolyte, & Acid-Base Balances"
BSCN9370,NAT Acute & Chronic Illness,T,The nurse is preparing an IV solution for administration. The health care providers prescription is D5½ NS with 40 mmol KCl/L at 125 mL/hour. The nurse must add KCl to the IV because no premixed solutions are available. The unit medication supply has a stock of KCl 3 mmol/mL in multidose vials. Which of the following amounts of KCl should the nurse add to a litre of D5½ NS to obtain the correct solution?,7.5 mL,10 mL,13.3 mL,15 mL,,,C,Medical-Surgical Nursing in Canada,"19 - Fluid, Electrolyte, & Acid-Base Balances"
BSCN9370,NAT Acute & Chronic Illness,T,"The nurse is caring for a patient admitted with an exacerbation of asthma. After several treatments, the ABG results are pH 7.40, PaCO2 40 mm Hg, HCO3 24 mmol/L, PaO2 92 mm Hg, and O2 saturation 99%. Which of the following interpretations would the nurse document?",Within normal limits,Slight metabolic acidosis,Slight respiratory acidosis,Slight respiratory alkalosis,,,A,Medical-Surgical Nursing in Canada,"19 - Fluid, Electrolyte, & Acid-Base Balances"
BSCN9370,NAT Acute & Chronic Illness,T,"The nurse is caring for a patient receiving D5W at a rate of 125 mL/hour. During the 1600-hour assessment of the patient, the nurse determines that 500 mL is left in the present IV bag. At which of the following times should the nurse anticipate hanging the next bag of D5W?",1800 hours,1900 hours,2000 hours,2200 hours,,,C,Medical-Surgical Nursing in Canada,"19 - Fluid, Electrolyte, & Acid-Base Balances"
BSCN9370,NAT Acute & Chronic Illness,T,"The nurse is caring for a patient admitted with a diagnosis of chronic obstructive pulmonary disease (COPD) who has the following arterial blood gas results: pH 7.33, PaO2 47 mm Hg, PaCO2 60 mm Hg, HCO3 32 mmol/L, and O2 saturation of 92%. Which of the following is the correct interpretation of these results?",Fully compensated respiratory alkalosis.,Partially compensated respiratory acidosis.,Normal acid–base balance with hypoxemia.,Normal acid–base balance with hypercapnia.,,,B,Medical-Surgical Nursing in Canada,"19 - Fluid, Electrolyte, & Acid-Base Balances"
BSCN9370,NAT Acute & Chronic Illness,T,The nurse is caring for a patient receiving calcium carbonate for the treatment of osteopenia. Which of the following serum laboratory results would the nurse identify as an adverse effect related to this therapy?,Sodium falling to 138 mmol/L,Potassium rising to 4.1 mmol/L,Magnesium rising to 29 mg/L,Phosphorus falling to 21 mg/L,,,D,Medical-Surgical Nursing in Canada,"19 - Fluid, Electrolyte, & Acid-Base Balances"
BSCN9370,NAT Acute & Chronic Illness,T,The nurse is caring for a patient admitted with heart failure. The morning laboratory results reveal a serum potassium level of 2.9 mmol/L. Which of the following classifications of medications should the nurse withhold until consulting with the health care provider?,Antibiotics,Loop diuretics,Bronchodilators,Antihypertensives,,,B,Medical-Surgical Nursing in Canada,"19 - Fluid, Electrolyte, & Acid-Base Balances"
BSCN9370,NAT Acute & Chronic Illness,T,"The nurse is caring for an older person who is receiving IV fluids postoperatively. During the 0800 hour assessment of this patient, the nurse notes that the IV solution, which was ordered to infuse at 125 mL/hour, has infused 950 mL since it was hung at 0400. Which of the following actions is the priority nursing intervention?",Notify the physician and complete an incident report.,Slow the rate to keep the vein open until the next bag is due at noon.,Obtain a new bag of IV solution to maintain patency of the site.,Listen to the patient’s lung sounds and assess respiratory status.,,,D,Medical-Surgical Nursing in Canada,"19 - Fluid, Electrolyte, & Acid-Base Balances"
BSCN9370,NAT Acute & Chronic Illness,T,The nurse is assessing a patient admitted with nausea and vomiting. Which of the following findings supports the nursing diagnosis of deficient fluid volume?,Polyuria,Decreased pulse,Difficulty breathing,General restlessness,,,D,Medical-Surgical Nursing in Canada,"19 - Fluid, Electrolyte, & Acid-Base Balances"
BSCN9370,NAT Acute & Chronic Illness,T,The nurse is caring for a patient with dehydration. Which of the following actions should the nurse implement?,Auscultate lung sounds q2h.,Monitor daily weight and intake and output.,Monitor diastolic blood pressure for increases.,Encourage the patient to reduce sodium intake.,,,B,Medical-Surgical Nursing in Canada,"19 - Fluid, Electrolyte, & Acid-Base Balances"
BSCN9370,NAT Acute & Chronic Illness,T,A patient is receiving IV magnesium as a treatment for eclampsia. Which of the following assessment findings would be indicative of hypermagnesemia?,Constipation,Cardiac dysrhythmias,Hypertension,Loss of deep tendon reflexes,,,D,Medical-Surgical Nursing in Canada,"19 - Fluid, Electrolyte, & Acid-Base Balances"
BSCN9370,NAT Acute & Chronic Illness,T,The nurse is planning care for a patient with dehydration related to nausea and vomiting. Which of the following fluid shifts would the nurse anticipate in this patient?,Fluid movement from the blood vessels into the cells.,Fluid movement from the interstitial spaces into the cells.,Fluid movement from the blood vessels into interstitial spaces.,Fluid movement from the interstitial spaces into the blood vessels.,,,D,Medical-Surgical Nursing in Canada,"19 - Fluid, Electrolyte, & Acid-Base Balances"
BSCN9370,NAT Acute & Chronic Illness,T,The nurse is planning care for an adult patient and concludes that which of the following oral intakes is adequate to meet daily fluid needs of a stable patient?,500–1 500 mL,1 200–2 200 mL,2 000–3 000 mL,3 000–4 000 mL,,,C,Medical-Surgical Nursing in Canada,"19 - Fluid, Electrolyte, & Acid-Base Balances"
BSCN9370,NAT Acute & Chronic Illness,T,The nurse is caring for a patient with metastatic bone cancer. Which of the following clinical manifestations would alert the nurse to the possibility of hypercalcemia in this patient?,Weakness,Paresthesia,Facial spasms,Muscle tremors,,,A,Medical-Surgical Nursing in Canada,"19 - Fluid, Electrolyte, & Acid-Base Balances"
BSCN9370,NAT Acute & Chronic Illness,T,"The nurse is caring for a patient admitted with diabetes mellitus, malnutrition, and a massive gastrointestinal (GI) bleed. In analyzing the morning laboratory results, the nurse understands that a potassium level of 5.5 mEq/L could be caused by which of the following factors in this patient?",Excretion of extra sodium and retention of potassium because of malnutrition.,Potassium level may be increased as a result of dehydration that accompanies high blood glucose levels.,Hyperglycemia related to diabetes and stress of hospitalization.,Renal insufficiency related to hypokalemia.,,,C,Medical-Surgical Nursing in Canada,"19 - Fluid, Electrolyte, & Acid-Base Balances"
BSCN9370,NAT Acute & Chronic Illness,T,"While performing patient teaching regarding hypercalcemia, which of the following statements are appropriate? (Select all that apply.)",Have patient restrict fluid intake to less than 2 000 mL/day.,Renal calculi may occur as a complication of hypercalcemia.,Weight-bearing exercises can help keep calcium in the bones.,The patient should increase daily fluid intake to 3 000–4 000 mL.,Treatment of heartburn can best be managed with Tums on a prn basis.,,B|C|D,Medical-Surgical Nursing in Canada,"19 - Fluid, Electrolyte, & Acid-Base Balances"
BSCN9370,NAT Acute & Chronic Illness,T,The nurse is planning care for a patient with disturbed sensory perception related to increased intraocular pressure caused by primary open-angle glaucoma. Which of the following elements should the nurse focus on?,Recognize that eye damage caused by glaucoma can be reversed in the early stages.,Give anticipatory guidance about the eventual loss of central vision that will occur.,Encourage compliance with drug therapy for the glaucoma to prevent loss of vision.,Manage the pain experienced by patients with glaucoma that persists until the optic nerve atrophies.,,,C,Medical-Surgical Nursing in Canada,24 - Nursing Management: Visual & Auditory Conditions
BSCN9370,NAT Acute & Chronic Illness,T,Which of the following statements is most appropriate when teaching a patient about timolol maleate eye drops for the treatment of glaucoma?,“You may feel some palpitations after instilling these eye drops.”,“You may have some temporary blurring of vision after instilling these eye drops.”,“You should keep your eyes closed for 15 minutes after instilling these eye drops.”,“You should withhold this medication if your blood pressure becomes elevated.”,,,B,Medical-Surgical Nursing in Canada,24 - Nursing Management: Visual & Auditory Conditions
BSCN9370,NAT Acute & Chronic Illness,T,Which of the following findings related to primary open-angle glaucoma should the nurse expect to find when reviewing a patient’s history and physical examination report?,Absence of pain or pressure,Blurred vision in the morning,Seeing coloured halos around lights,Eye pain accompanied with nausea and vomiting,,,A,Medical-Surgical Nursing in Canada,24 - Nursing Management: Visual & Auditory Conditions
BSCN9370,NAT Acute & Chronic Illness,T,The nurse is teaching a patient about the pathophysiology related to open-angle glaucoma. Which of the following statements is most appropriate?,“The retinal nerve is damaged by an abnormal increase in the production of aqueous humor.”,"“There is decreased draining of aqueous humor in the eye, causing pressure damage to the optic nerve.”","“The lens enlarges with normal aging, pushing the iris forward, which then covers the outflow channels of the eye.”","“There is a decreased flow of aqueous humor into the anterior chamber by the lens of the eye, blocking the papillary opening.”",,,B,Medical-Surgical Nursing in Canada,24 - Nursing Management: Visual & Auditory Conditions
BSCN9370,NAT Acute & Chronic Illness,T,Which of the following instructions is most appropriate for a patient using contact lenses who has been diagnosed with bacterial conjunctivitis?,Discard all opened or used lens care products and cosmetics.,Disinfect contact lenses by soaking in a cleaning solution for 48 hours.,Put all used cosmetics in a plastic bag for 1 week to kill any bacteria before reusing.,Disinfect all lens care products with the prescribed antibiotics drops for 1 week after infection.,,,A,Medical-Surgical Nursing in Canada,24 - Nursing Management: Visual & Auditory Conditions
BSCN9370,NAT Acute & Chronic Illness,T,The nurse is teaching a patient with glaucoma about the administration of pilocarpine. Which of the following statements should the nurse include in the teaching plan?,“Prolonged eye irritation is an expected adverse effect of this medication.”,“This medication needs to be continued for at least five years after your initial diagnosis.”,“This medication will help to raise intraocular pressure to a near normal level.”,“It is important not to do activities requiring visual acuity immediately after administration.”,,,D,Medical-Surgical Nursing in Canada,24 - Nursing Management: Visual & Auditory Conditions
BSCN9370,NAT Acute & Chronic Illness,T,The nurse is caring for a patient with glaucoma who has been prescribed timolol maleate eye drops. Which of the following contraindications to the use of this medication should the nurse assess for in the patient?,Sinusitis,Migraine headaches,Chronic urinary tract infection,Chronic obstructive pulmonary disease (COPD),,,D,Medical-Surgical Nursing in Canada,24 - Nursing Management: Visual & Auditory Conditions
BSCN9370,NAT Acute & Chronic Illness,T,The nurse is teaching an older person with glaucoma how to administer eye drops. Which of the following instructions should the nurse include in the teaching plan?,Teach the patient to apply pressure to each eyeball for a few seconds after administration.,Teach the patient to close their eyes and move them back and forth several times after the eye drops have been administered.,Teach the patient to place pressure on the puncta of the eye after administration.,Teach the patient to try to blink out excess medication immediately after administration.,,,C,Medical-Surgical Nursing in Canada,24 - Nursing Management: Visual & Auditory Conditions
BSCN9370,NAT Acute & Chronic Illness,T,The nurse is administering a scheduled dose of pilocarpine to a patient. Which of the following areas should the nurse place the drops?,Inner canthus,Outer canthus,Centre of the eyeball,Lower conjunctival sac,,,D,Medical-Surgical Nursing in Canada,24 - Nursing Management: Visual & Auditory Conditions
BSCN9370,NAT Acute & Chronic Illness,T,The nurse is providing care for an older person who has sought care because of a loss in hearing acuity over the past several years. Which of the following statements is most accurate?,“This is often due to an infection that will resolve on its own.”,“Many people experience an age-related decline in their hearing.”,“This is likely an effect of your medications; try stopping them for a few days.”,“You can likely accommodate for your hearing loss with a few small changes in your routine.”,,,B,Medical-Surgical Nursing in Canada,24 - Nursing Management: Visual & Auditory Conditions
BSCN9370,NAT Acute & Chronic Illness,T,Why does presbyopia occur in older individuals?,The retina degenerates.,The lens becomes inflexible.,The corneal curvature becomes irregular.,It is associated with cataract development.,,,B,Medical-Surgical Nursing in Canada,24 - Nursing Management: Visual & Auditory Conditions
BSCN9370,NAT Acute & Chronic Illness,T,What is the most important nursing intervention for clients with epidemic keratoconjunctivitis?,Applying patches to the affected eyes,Accurately measuring intraocular pressure,Monitoring near visual acuity every 4 hours,Teaching client and family members good hygiene techniques,,,D,Medical-Surgical Nursing in Canada,24 - Nursing Management: Visual & Auditory Conditions
BSCN9370,NAT Acute & Chronic Illness,T,What should clients with eye inflammation or an eye infection be taught?,Wear dark glasses to prevent irritation from ultraviolet light.,Acute conditions commonly lead to chronic problems.,Apply a cold compress with pressure to the inflamed area frequently.,"Regular, careful hand hygiene may prevent the infection from spreading.",,,D,Medical-Surgical Nursing in Canada,24 - Nursing Management: Visual & Auditory Conditions
BSCN9370,NAT Acute & Chronic Illness,T,Which of the following client behaviours would the nurse promote for healthy eyes and ears? (Select all that apply),Wearing protective sunglasses when bicycling.,Supplemental intake of B vitamins and magnesium,Playing amplified music at 75% of maximum volume,Notifying the health care provider if tinnitus occurs during antibiotic therapy,"For women, avoiding pregnancy for 4 weeks after receiving measles-mumps-rubella (MMR) immunization",,A|D,Medical-Surgical Nursing in Canada,24 - Nursing Management: Visual & Auditory Conditions
BSCN9370,NAT Acute & Chronic Illness,T,What should the nurse do to prepare clients for retinal detachment surgery?,Explain how to care for an ocular prosthesis.,Assure clients that they can expect 20/20 vision after surgery.,Teach the family how to recognize when the client is hallucinating.,Assess the client’s level of knowledge about retinal detachment and provide information appropriate to the situation.,,,D,Medical-Surgical Nursing in Canada,24 - Nursing Management: Visual & Auditory Conditions
BSCN9370,NAT Acute & Chronic Illness,T,What should be included in the nursing plan for a client who needs to administer antibiotic eardrops?,Cool the drops so that they decrease swelling in the canal.,Be careful to avoid touching the tip of the dropper bottle to the ear.,Placement of a cotton wick to assist in administering the drops is not recommended.,Keep the head tilted for 5 to 7 minutes after administering the drops to prevent them from running out of the ear canal.,,,B,Medical-Surgical Nursing in Canada,24 - Nursing Management: Visual & Auditory Conditions
BSCN9370,NAT Acute & Chronic Illness,T,The nurse would suspect otosclerosis from assessment findings of hearing loss in which of the following clients?,A 26-year-old woman with three biological children younger than 5 years of age,A 52-year-old man whose hearing loss is accompanied by vertigo and tinnitus,A 42-year-old woman who has a history of serous otitis media,A 63-year-old man who can hear high-pitched sounds more effectively than low-pitched sounds,,,A,Medical-Surgical Nursing in Canada,24 - Nursing Management: Visual & Auditory Conditions
BSCN9370,NAT Acute & Chronic Illness,T,Which of the following statements best describes a client who has a sensorineural hearing loss?,The client has difficulty understanding speech.,The client experiences clearer sounds with the use of a hearing aid.,The client may have a reversal of damage caused by ototoxic drugs.,The client hears low-pitched sounds better than high-pitched sounds.,,,A,Medical-Surgical Nursing in Canada,24 - Nursing Management: Visual & Auditory Conditions
BSCN9370,NAT Acute & Chronic Illness,T,Which of the following would the nurse tell the client who is newly fitted with bilateral hearing aids? (Select all that apply.),Replace the batteries monthly.,Clean the ear moulds weekly or as needed.,Clean ears with cotton-tipped applicators daily.,Disconnect or remove the batteries when not in use.,Initially restrict usage to quiet listening in the home.,,B|D|E,Medical-Surgical Nursing in Canada,24 - Nursing Management: Visual & Auditory Conditions
BSCN9370,NAT Acute & Chronic Illness,T,Which strategies would best assist the nurse in communicating with a client who has a hearing loss? (Select all that apply.),Overenunciate speech.,Exaggerate facial expression.,Raise the voice to a higher pitch.,Write out names or difficult words.,Speak normally and slowly.,,D|E,Medical-Surgical Nursing in Canada,24 - Nursing Management: Visual & Auditory Conditions
BSCN9370,NAT Acute & Chronic Illness,T,Which of the following statements best describes clients with permanent visual impairment?,They feel most comfortable with other visually impaired persons.,They may feel threatened when others make eye contact during a conversation.,They usually need others to speak louder so they can communicate appropriately.,They may experience the same grieving process that is associated with other losses.,,,D,Medical-Surgical Nursing in Canada,24 - Nursing Management: Visual & Auditory Conditions