CourseCode,CourseName,Origin,Question,OptionA,OptionB,OptionC,OptionD,OptionE,OptionF,Answer,RelatedTextbook,RelatedChapter
BSCN9300,Pharmacotherapeutics,T,Which statement describes the pharmacologic principle of biotransformation?,Drugs are transported for absorption within the body,Drugs are metabolized for elimination from the body,Drugs are metabolized for elimination from the body,Drugs trigger a harmful reaction in the body,,,B,Pharmacology for Canadian Health Care Practice,2 - Pharmacological Priniciples
BSCN9300,Pharmacotherapeutics,T,Which scenario explains the rationale for the substitution of a generic drug for a trade name drug?,A generic drug option is available to purchase at the same time that the chemical name is assigned to the drug,A trade name drug has a lower price since it has been on the market longer,A generic drug option is available when the trade name drug patent expires,A generic drug’s active ingredients are slightly different from the trade name drugs,,,C,Pharmacology for Canadian Health Care Practice,2 - Pharmacological Priniciples
BSCN9300,Pharmacotherapeutics,T,Which process will occur when a drug is in the pharmacokinetic phase?,Absorption into the blood,Disintegration from its original form,Attachment to cell receptors,Alteration of body function,,,A,Pharmacology for Canadian Health Care Practice,2 - Pharmacological Priniciples
BSCN9300,Pharmacotherapeutics,T,Which response would the nurse anticipate if micronized fenofibrate is replaced with nonmicronized fenofibrate?,Increased drug action,Delayed drug absorption,Improved drug metabolism,Reduced drug excretion,,,B,Pharmacology for Canadian Health Care Practice,2 - Pharmacological Priniciples
BSCN9300,Pharmacotherapeutics,T,Which drug form would assist the patient in adhering to a medication regimen?,Parenteral solution,Oral liquid suspension,Slow-release tablet,Buccal tablet,,,C,Pharmacology for Canadian Health Care Practice,2 - Pharmacological Priniciples
BSCN9300,Pharmacotherapeutics,T,Which statement about a topical fentanyl transdermal patch is accurate?,The drug requires a pH alteration to dissolve into the bloodstream,The drug breaks down before absorption,The drug action occurs immediately,The drug is distributed through circulation,,,D,Pharmacology for Canadian Health Care Practice,2 - Pharmacological Priniciples
BSCN9300,Pharmacotherapeutics,T,Which role related to pharmacology would a nurse perform?,Monitor drug therapeutic outcomes,Report harmful drug reactions,Determine drug substitutes,Reinforce drug benefits to patients,Recognize inappropriate drug use,,A|B|D|E,Pharmacology for Canadian Health Care Practice,2 - Pharmacological Priniciples
BSCN9300,Pharmacotherapeutics,T,Which drug characteristic would be the primary factor for selecting the therapeutic equivalent of a proprietary drug for administration?,Chemical composition,Action,Active ingredients,Cost,,,B,Pharmacology for Canadian Health Care Practice,2 - Pharmacological Priniciples
BSCN9300,Pharmacotherapeutics,T,Which drug form would the nurse use to provide the most immediate pain relief?,Oral liquid suspension,Immediate-release tablet,Powder in a capsule,Syrup preparation,,,D,Pharmacology for Canadian Health Care Practice,2 - Pharmacological Priniciples
BSCN9300,Pharmacotherapeutics,T,Which action by the nurse indicates a need for additional education related to medication administration?,The nurse opens a capsule for the patient to swallow the granules,The nurse administers a rectal topical formulation outside the rectum,The nurse crushes an immediate-release tablet to administer through an enteral feeding tube,The nurse places a buccal wafer on the patient’s tongue to swallow,,,D,Pharmacology for Canadian Health Care Practice,2 - Pharmacological Priniciples
BSCN9300,Pharmacotherapeutics,T,Which factor would be critical for parenteral drug formulation?,Time to dissolve,Enzyme breakdown,Particle size for absorption ,Solution pH,,,D,Pharmacology for Canadian Health Care Practice,2 - Pharmacological Priniciples
BSCN9300,Pharmacotherapeutics,T,Which physiological process would cause a high first-pass effect?,Intestines absorb a large amount of a drug,Liver metabolism inactivates a large proportion of a drug,Systemic circulation quickly distributes the drug throughout the body,Drug excretion occurs at a rapid rate,,,B,Pharmacology for Canadian Health Care Practice,2 - Pharmacological Priniciples
BSCN9300,Pharmacotherapeutics,T,Which action would be expected when a drug is administered through the intramuscular route?,Immediate action,Action within 5 minutes,Action within 2 hours,Action extended for 1 day,Action throughout a month,,C|D|E,Pharmacology for Canadian Health Care Practice,2 - Pharmacological Priniciples
BSCN9300,Pharmacotherapeutics,T,Which drug is associated with a high risk for inconsistent systemic absorption?,Progesterone vaginal suppository,Oxymetazoline nasal spray,Methylprednisolone acetate intramuscular injection,Miconazole vaginal cream,,,D,Pharmacology for Canadian Health Care Practice,2 - Pharmacological Priniciples
BSCN9300,Pharmacotherapeutics,T,Which area in the body of a patient with a septic wound infection would experience rapid distribution of intravenous antibiotics?,Kidney tissues,Skin around the wound,Arm muscle near the infusion site,Fat tissue throughout the body,,,A,Pharmacology for Canadian Health Care Practice,2 - Pharmacological Priniciples
BSCN9300,Pharmacotherapeutics,T,Which patient is at risk for increased drug metabolism?,A patient with declining renal function,A patient without adequate nutrition over several weeks,A patient who requires a barbiturate for sedation,A patient who has heart failure,,,C,Pharmacology for Canadian Health Care Practice,2 - Pharmacological Priniciples
BSCN9300,Pharmacotherapeutics,T,Which statement describes a trough drug level?,“The trough level is taken as the drug starts to act.”,“The trough level is calculated after an estimated drug half-life occurs.”,“The trough level is measured when the drug effect ends.”,“The trough level is obtained just before another dose is given.”,,,D,Pharmacology for Canadian Health Care Practice,2 - Pharmacological Priniciples
BSCN9300,Pharmacotherapeutics,T,Which drug administration practice would increase alendronate sodium absorption by the oral route?,Administration of an enteric preparation with a meal,Administration of an anticholinergic drug first,Administration followed by exercise with physical therapy,Administration 30 minutes before breakfast,,,D,Pharmacology for Canadian Health Care Practice,2 - Pharmacological Priniciples
BSCN9300,Pharmacotherapeutics,T,Which drug administration technique would ensure patient safety?,A clean glove used to apply antibiotic ointment to an open wound,A subcutaneous injection given at a 45-degree angle to a thin adult,An aqueous solution injected intramuscularly with an 18-gauge needle,An oral medication administered via a nasogastric tube with the patient in a left-side lying position,,,B,Pharmacology for Canadian Health Care Practice,2 - Pharmacological Priniciples
BSCN9300,Pharmacotherapeutics,T,Which prescription would be anticipated to achieve consistent pain relief from fentanyl?,Oral tablets scheduled every 12 hours,Transdermal patch every 3 days,Intravenous injections when requested,Rectal suppositories every 6 hours,,,B,Pharmacology for Canadian Health Care Practice,2 - Pharmacological Priniciples
BSCN9300,Pharmacotherapeutics,T,Which consideration would apply to a patient receiving a fat-soluble drug?,Absorption is impaired by food intake,Distribution volume is low,Metabolism involves P450 enzymes,Elimination occurs rapidly,,,C,Pharmacology for Canadian Health Care Practice,2 - Pharmacological Priniciples
BSCN9300,Pharmacotherapeutics,T,Which action would be expected from a drug-enzyme inducer?,Prolonged drug effect,Stronger drug effect,Reduced drug effect,Delayed drug effect,,,C,Pharmacology for Canadian Health Care Practice,2 - Pharmacological Priniciples
BSCN9300,Pharmacotherapeutics,T,Through which route would a drug be eliminated from the body?,Urine,Bile,Saliva,Blood,Perspiration,Breast milk,A|B|C|D|E|F,Pharmacology for Canadian Health Care Practice,2 - Pharmacological Priniciples
BSCN9300,Pharmacotherapeutics,T,Which way do drugs exert their actions within the body?,Binding with receptors,Passing through the digestive tract ,Crossing the blood–brain barrier,Interacting with enzymes ,Causing nonselective interactions ,,A|D|E,Pharmacology for Canadian Health Care Practice,2 - Pharmacological Priniciples
BSCN9300,Pharmacotherapeutics,T,Which action would be associated with an antagonist drug type?,Binds to the receptor and has a diminished response,"Prevents binding of agonist, and there is no response","Binds to the receptor, and there is a response",Competes with the agonist for binding to the receptor,,,B,Pharmacology for Canadian Health Care Practice,2 - Pharmacological Priniciples
BSCN9300,Pharmacotherapeutics,T,Which type of interaction occurs when drugs physically interfere or chemically alter cellular processes?,Selective,Cell lysis,Non-selective,Drug-enzyme,,,C,Pharmacology for Canadian Health Care Practice,2 - Pharmacological Priniciples
BSCN9300,Pharmacotherapeutics,T,Which term describes the phenomenon where a patient experiences a reduced response to a specific medication after repeated doses?,Dependence,Increased drug concentration,Tolerance,Therapeutic index,,,C,Pharmacology for Canadian Health Care Practice,2 - Pharmacological Priniciples
BSCN9300,Pharmacotherapeutics,T,Which right of medication use ensures that the nurse correctly administers a medication to the patient?,Right route,Right to refuse,Right dose,Right patient,Right drug,,A|B|C|D|E,Pharmacology for Canadian Health Care Practice,2 - Pharmacological Priniciples
BSCN9300,Pharmacotherapeutics,T,Which adverse drug reaction would be suspected when a patient taking a beta blocker becomes lethargic due to hypotension?,Allergic reaction,Idiosyncratic reaction,Drug interaction,Pharmacological reaction,,,D,Pharmacology for Canadian Health Care Practice,2 - Pharmacological Priniciples
BSCN9300,Pharmacotherapeutics,T,"Which source provides many weak acids and weak bases, including alkaloids such as atropine?",Minerals,Animals,Laboratory synthesis,Plants,,,D,Pharmacology for Canadian Health Care Practice,2 - Pharmacological Priniciples
BSCN9300,Pharmacotherapeutics,T,Which antidote would be administered to a patient who presents with an overdose of quinidine?,Sodium bicarbonate,Glucagon,Flumazenil,Acetylcysteine,,,A,Pharmacology for Canadian Health Care Practice,2 - Pharmacological Priniciples
BSCN9300,Pharmacotherapeutics,T,Which specialized field is concerned with the study of treatment outcomes in relation to the cost of treatment?,Pharmacodynamics,Pharmacoeconomics,Pharmacognosy,Pharmacotherapeutics,,,B,Pharmacology for Canadian Health Care Practice,2 - Pharmacological Priniciples
BSCN9300,Pharmacotherapeutics,T,Which part of the cell is targeted by drugs with nonspecific mechanisms of action to exert their effect?,Cell wall,Cell membrane,Mitochondria,Nucleus,,,B,Pharmacology for Canadian Health Care Practice,2 - Pharmacological Priniciples
BSCN9300,Pharmacotherapeutics,T,Which term refers to the identification of medicinal plants and their pharmacological effects?,Therapeutic index,Pharmacokinetics,Toxicology,Pharmacognosy,,,D,Pharmacology for Canadian Health Care Practice,2 - Pharmacological Priniciples
BSCN9300,Pharmacotherapeutics,T,Which interaction occurs when two parenteral drugs are mixed and produce a precipitate?,Incompatibility,Additive effect,Synergistic effect,Antagonism,,,A,Pharmacology for Canadian Health Care Practice,2 - Pharmacological Priniciples
BSCN9300,Pharmacotherapeutics,T,Which medication would be contraindicated for a patient who is diagnosed with glucose-6-phosphate dehydrogenase (G6PD) deficiency?,Acetaminophen,Nitrofurantoin,Insulin,Propranolol,,,B,Pharmacology for Canadian Health Care Practice,2 - Pharmacological Priniciples
BSCN9300,Pharmacotherapeutics,T,"Which outcome is associated with the pharmacokinetic interaction between erythromycin and cyclosporine, where both drugs compete for the same liver enzymes?",Increased risk of drug resistance,Decreased metabolism of cyclosporine,Enhanced absorption of erythromycin,Accelerated excretion of cyclosporine,,,B,Pharmacology for Canadian Health Care Practice,2 - Pharmacological Priniciples
BSCN9300,Pharmacotherapeutics,T,Which term describes when congenital malformations in the fetus result from drugs crossing the placenta?,Drug-induced teratogenesis,Carcinogenic effects,Mutagenic effects,Idiosyncratic reaction,,,A,Pharmacology for Canadian Health Care Practice,2 - Pharmacological Priniciples
BSCN9300,Pharmacotherapeutics,T,Which primary focus of patient therapy assessment is essential before initiating a new medication?,Improving quality of life,Curing the disease,Identifying contraindications,Eliminating a pre-existing symptom,,,C,Pharmacology for Canadian Health Care Practice,2 - Pharmacological Priniciples
BSCN9300,Pharmacotherapeutics,T,During which period of pregnancy is a fetus at the highest risk of teratogenic effects from medications?,Weeks 1–2,Weeks 3–12,Weeks 8–16,Weeks 24–40,,,D,Pharmacology for Canadian Health Care Practice,2 - Pharmacological Priniciples
BSCN9300,Pharmacotherapeutics,T,Which term refers to what a drug does to the body?,Pharmaceutics,Pharmacodynamics,Pharmacokinetics,Pharmacotherapeutics,,,B,Pharmacology for Canadian Health Care Practice,2 - Pharmacological Priniciples
BSCN9300,Pharmacotherapeutics,T,Which dosage form results in immediate absorption?,"A whole tablet, swallowed",Intramuscular injection,Intravenous injection,Extended-release capsule,,,C,Pharmacology for Canadian Health Care Practice,2 - Pharmacological Priniciples
BSCN9300,Pharmacotherapeutics,T,Which property of a drug is described through its trade name?,Chemical composition,Nonproprietary status,Proprietary status,Molecular structure,,,C,Pharmacology for Canadian Health Care Practice,2 - Pharmacological Priniciples
BSCN9300,Pharmacotherapeutics,T,Which name is typically used in most official drug comendiums?,Chemical name,Generic name,Trade name,Proprietary name,,,B,Pharmacology for Canadian Health Care Practice,2 - Pharmacological Priniciples
BSCN9300,Pharmacotherapeutics,T,Which statement applies to pills in the extended-release dosage form?,They should be crushed before administration to improve absorption,They are designed to release all of their medication immediately,They can be identified by abbreviations such as sustained release (SR) in their names,They are less convenient for patients when compared to immediate-release forms,,,C,Pharmacology for Canadian Health Care Practice,2 - Pharmacological Priniciples
BSCN9300,Pharmacotherapeutics,T,Which action would be the nurse's first priority to effectively treat poisoning?,Prevent the absorption of the toxic agent,Speed up the elimination of the toxin,Preserve the patient's vital functions,Determine the type of antidote needed,,,C,Pharmacology for Canadian Health Care Practice,2 - Pharmacological Priniciples
BSCN9300,Pharmacotherapeutics,T,Which antidote would be used for treating opiate poisoning?,Naloxone,Flumazenil,Atropine,Deferoxamine,,,A,Pharmacology for Canadian Health Care Practice,2 - Pharmacological Priniciples
BSCN9300,Pharmacotherapeutics,T,Which property would be expected after a drug is metabolized by the liver?,Highly active form,Less active form,Reduced polarity,Decreased water solubility,,,B,Pharmacology for Canadian Health Care Practice,2 - Pharmacological Priniciples
BSCN9300,Pharmacotherapeutics,T,Which statement is consistent when a dose of 200 mg of an intravenous drug with a half-life of 15 minutes is administered?,"After 15 minutes, 50 mg of the drug remains in the body","After 30 minutes, 25 mg of the drug remains in the body","After 1 hour, 12.5 mg of the drug remain in the body","After 75 minutes, 0 mg of the drug remains in the body",,,C,Pharmacology for Canadian Health Care Practice,2 - Pharmacological Priniciples
BSCN9300,Pharmacotherapeutics,T,Which route of medication administration would the nurse use for a patient who requires immediate relief from pain?,Oral,Subcutaneous,Intramuscular,Intravenous,,,D,Pharmacology for Canadian Health Care Practice,2 - Pharmacological Priniciples
BSCN9300,Pharmacotherapeutics,T,Which statement best describes pharmacokinetics?,Adverse effects and toxic reactions to medications,Physiologic interaction between a drug and body cells,Conversion of medication into its active chemical substance,What the body does to the drug after it is administered,,,D,Pharmacology for Canadian Health Care Practice,2 - Pharmacological Priniciples
BSCN9300,Pharmacotherapeutics,T,What is another term for biotransformation of a drug?,Dilution,Excretion,Absorption,Metabolism,,,D,Pharmacology for Canadian Health Care Practice,2 - Pharmacological Priniciples
BSCN9300,Pharmacotherapeutics,T,A drug given by which route is altered by the first-pass effect?,Oral,Sublingual,Intravenous (IV),Subcutaneous,,,A,Pharmacology for Canadian Health Care Practice,2 - Pharmacological Priniciples
BSCN9300,Pharmacotherapeutics,T,A drug’s half-life is defined as the amount of time required for 50% of a drug to:,be absorbed by the body.,exert a response.,be eliminated by the body.,reach a therapeutic level.,,,C,Pharmacology for Canadian Health Care Practice,2 - Pharmacological Priniciples
BSCN9300,Pharmacotherapeutics,T,Which nursing action will increase the absorption of a medication administered intramuscularly?,Massaging the site after injection.,Applying ice packs to the injection site.,Lowering the extremity below the level of the heart.,Administering the medication via the Z-track method.,,,A,Pharmacology for Canadian Health Care Practice,2 - Pharmacological Priniciples
BSCN9300,Pharmacotherapeutics,T,"When administering two medications that are highly protein bound, the nurse understands to monitor the patient carefully for which effect?",A short duration of medication action,Increase in the risk of drug–drug interactions,Immediate improvement in the patient’s condition,Hypovolemic shock caused by a low albumin level,,,B,Pharmacology for Canadian Health Care Practice,2 - Pharmacological Priniciples
BSCN9300,Pharmacotherapeutics,T,Patients with renal failure would most likely have problems with which pharmacokinetic process?,Excretion,Absorption,Metabolism,Distribution,,,A,Pharmacology for Canadian Health Care Practice,2 - Pharmacological Priniciples
BSCN9300,Pharmacotherapeutics,T,What is the ratio between a drug’s therapeutic effects and toxic effects called?,Affinity,Tolerance,Therapeutic index,Cumulative effect,,,C,Pharmacology for Canadian Health Care Practice,2 - Pharmacological Priniciples
BSCN9300,Pharmacotherapeutics,T,A patient asks the nurse why the dose of IV pain medication being given is lower than that of the patient’s previous oral medication. What is the nurse’s best response to the patient?,“Medications given orally bypass the portal circulatory system.”,“Medications given intravenously are not affected by the first-pass effect.”,“Drugs administered intravenously enter the portal system before systemic distribution.”,“A large percentage of an intravenously administered drug is metabolized into inactive metabolites in the liver.”,,,B,Pharmacology for Canadian Health Care Practice,2 - Pharmacological Priniciples
BSCN9300,Pharmacotherapeutics,T,The nurse understands that drugs exert their actions on the body by what process?,Interacting with receptors,Altering metabolic chemical processes,Making the cell perform a new function,Inhibiting the action of a specific enzyme,,,A|B|D,Pharmacology for Canadian Health Care Practice,2 - Pharmacological Priniciples
BSCN9300,Pharmacotherapeutics,T,The nurse knows that which factors will affect the absorption of orally administered medications?,Time of day,pH of the stomach,Form of drug preparation,Patient in high Fowler’s position,Presence of food in the stomach,,A|B|C|E,Pharmacology for Canadian Health Care Practice,2 - Pharmacological Priniciples
BSCN9300,Pharmacotherapeutics,AI,"An older adult woman took a prescription medicine to help her sleep; however, she felt restless all night and did not sleep at all. The nurse recognizes that this woman has experienced which type of reaction or effect?",Allergic reaction,Idiosyncratic reaction,Mutagenic effect,Synergistic effect,,,B,Pharmacology for Canadian Health Care Practice,2 - Pharmacological Priniciples
BSCN9300,Pharmacotherapeutics,AI,"While caring for a patient with cirrhosis or hepatitis, the nurse knows that abnormalities in which phase of pharmacokinetics may occur?",Absorption,Distribution,Metabolism,Excretion,,,C,Pharmacology for Canadian Health Care Practice,2 - Pharmacological Priniciples
BSCN9300,Pharmacotherapeutics,AI,A patient who has advanced cancer is receiving opioid medications around the clock to “keep them comfortable” as they near the end of life. Which term best describes this type of therapy?,Palliative therapy,Maintenance therapy,Supportive therapy,Supplemental therapy,,,A,Pharmacology for Canadian Health Care Practice,2 - Pharmacological Priniciples
BSCN9300,Pharmacotherapeutics,AI,The nurse is giving medications to a patient in heart failure. The intravenous route is chosen instead of the intramuscular route. Which patient factor most influences the decision about which route to use?,Altered biliary function,Increased glomerular filtration,Reduced liver metabolism,Diminished circulation,,,D,Pharmacology for Canadian Health Care Practice,2 - Pharmacological Priniciples
BSCN9300,Pharmacotherapeutics,AI,"A patient has just received a prescription for an enteric-coated stool softener. When teaching the patient, the nurse should include which statement?",“Take the tablet with 60 to 90 mL of orange juice.”,“Avoid taking all other medications with any enteric-coated tablet.”,“Crush the tablet before swallowing if you have problems with swallowing.”,“Be sure to swallow the tablet whole without chewing it.”,,,D,Pharmacology for Canadian Health Care Practice,2 - Pharmacological Priniciples
BSCN9300,Pharmacotherapeutics,AI,"Each statement describes a phase of pharmacokinetics. Put the statements in order, with 1 indicating the phase that occurs first and 4 indicating the phase that occurs last.",Enzymes in the liver transform the drug into an inactive metabolite.,Drug metabolites are secreted through passive glomerular filtration into the renal tubules.,A drug binds to the plasma protein albumin and circulates through the body.,A drug moves from the intestinal lumen into the mesenteric blood system.,,,A|B|C|D,Pharmacology for Canadian Health Care Practice,2 - Pharmacological Priniciples
BSCN9300,Pharmacotherapeutics,AI,The nurse is reviewing the various forms of topical medications. Which of these are considered topical medications?,Rectal ointment for hemorrhoids,Eye drops for inflammation,Sublingual tablet for chest pain,Inhaled medication for asthma,Intradermal injection for tuberculosis testing,,A|B|D,Pharmacology for Canadian Health Care Practice,2 - Pharmacological Priniciples
BSCN9300,Pharmacotherapeutics,T,Which drug would the nurse find listed in Part J of the Canadian Food and Drugs Act?,Psilocybin,Methadone,Lysergic acid diethylamide (LSD),Codeine,Mescaline,,A|C|E,Pharmacology for Canadian Health Care Practice,3 - Legal & Ethical Considerations
BSCN9300,Pharmacotherapeutics,T,Which drug group is categorized under Schedule I of the Controlled Drugs and Substances Act (CDSA)?,Amphetamines,Barbituates,Synthetic cannabinoid receptor type 1 agonists,Opiates,,,D,Pharmacology for Canadian Health Care Practice,3 - Legal & Ethical Considerations
BSCN9300,Pharmacotherapeutics,T,Which component would be a mandatory part of informed consent that the nurse would oversee for an investigational new drug study?,Schedule of study appointments,Study coordinator's contact details,Research methods to be utilized,Enlisted potential advantages,Outline of possible adverse effects,,C|D|E,Pharmacology for Canadian Health Care Practice,3 - Legal & Ethical Considerations
BSCN9300,Pharmacotherapeutics,T,Which statement about the regulation of access to prescription drugs in Canada is accurate?,Prescription drugs are covered under the Canada Health Act.,A federal formulary committee determines which drugs are covered by the health plan.,Provincial plans cover some cost of drugs for older adults' treatment.,The provincial government offers drug coverage for Indigenous peoples.,,,C,Pharmacology for Canadian Health Care Practice,3 - Legal & Ethical Considerations
BSCN9300,Pharmacotherapeutics,T,Which organization is responsible for regulating drug advertising in Canada?,Food and Drugs Committee,Pharmaceutical Advertising Advisory Board (PAAB),Advertising Standards Canada (ASC),Health Canada,,,D,Pharmacology for Canadian Health Care Practice,3 - Legal & Ethical Considerations
BSCN9300,Pharmacotherapeutics,T,Which schedule of the Canadian Food and Drugs Act would a nurse refer to when administering insulin to a patient with diabetes?,Schedule A,Schedule C,Schedule D,Schedule G,,,C,Pharmacology for Canadian Health Care Practice,3 - Legal & Ethical Considerations
BSCN9300,Pharmacotherapeutics,T,Which symbol on the label would a nurse look for on the packaging of an amphetamine medication?,C,D,G,J,,,A,Pharmacology for Canadian Health Care Practice,3 - Legal & Ethical Considerations
BSCN9300,Pharmacotherapeutics,T,"Which symbol would a nurse expect to find on the fentanyl patch label to ensure proper identification, according to the Controlled Drugs and Substances Act (CDSA)?",G,C,J,N,,,D,Pharmacology for Canadian Health Care Practice,3 - Legal & Ethical Considerations
BSCN9300,Pharmacotherapeutics,T,Which condition would make a patient eligible to access experimental drugs not available for sale in Canada?,Juvenile arthritis,Schizophrenia,Hemophilia,Pericardial disease,,,C,Pharmacology for Canadian Health Care Practice,3 - Legal & Ethical Considerations
BSCN9300,Pharmacotherapeutics,T,Which goal does a placebo-controlled study aim to achieve?,Decrease rare adverse drug reactions,Improve drug effectiveness,Establish the optimal therapeutic dosage,Enhance study objectivity,,,D,Pharmacology for Canadian Health Care Practice,3 - Legal & Ethical Considerations
BSCN9300,Pharmacotherapeutics,T,Which phase of drug testing eliminates many potential new drugs for human use due to their toxicity?,Preclinical phase,Phase I clinical trials,Phase II clinical trials,Phase III clinical trials,,,A,Pharmacology for Canadian Health Care Practice,3 - Legal & Ethical Considerations
BSCN9300,Pharmacotherapeutics,T,Which statement is accurate about nursing practice in Canada?,The nurse follows the nurse practice act specific to each province or territory,The nurse obtains federal licensure to practise nursing,The nurse has unrestricted autonomy in clinical decision making,The nurse must comply with international health care regulations,,,A,Pharmacology for Canadian Health Care Practice,3 - Legal & Ethical Considerations
BSCN9300,Pharmacotherapeutics,T,Which institution's standards would a nurse refer to when looking for information on the updated policy statements related to drug administration in nursing practice?,Health Canada,Provincial and territorial health services,Canadian Nursing Association (CNA),Accreditation Canada,,,C,Pharmacology for Canadian Health Care Practice,3 - Legal & Ethical Considerations
BSCN9300,Pharmacotherapeutics,T,Which role does the Government of Canada Privacy Act have in regulating nursing practice?,Defines patient rights,Stores personal health information,Prohibits sharing of health information with others,Protects the nurse’s rights,Addresses patient confidentiality issues,,A|C|E,Pharmacology for Canadian Health Care Practice,3 - Legal & Ethical Considerations
BSCN9300,Pharmacotherapeutics,T,Which nursing action ensures adherence to ethical principles?,Providing selective care based on specific settings and individuals involved,Assisting patients in making health care decisions based on objective and subjective values,Maintaining the focus on the patient’s best interests at all times,Acting as a patient advocate by imposing personal judgement if necessary,,,C,Pharmacology for Canadian Health Care Practice,3 - Legal & Ethical Considerations
BSCN9300,Pharmacotherapeutics,T,Which principle forms the foundation for ethical nursing practice?,Efficiency,Transparency,Sustainability,Beneficence,Autonomy,,D|E,Pharmacology for Canadian Health Care Practice,3 - Legal & Ethical Considerations
BSCN9300,Pharmacotherapeutics,T,Which specific area of the nurse’s liability is referred to when the nurse proceeds with drug administration without checking the patient’s identity?,Medication error,Failure to assess,Failure to evaluate,Failure to ensure safety,,,A,Pharmacology for Canadian Health Care Practice,3 - Legal & Ethical Considerations
BSCN9300,Pharmacotherapeutics,T,Which nursing approach would be essential in addressing an ethical dilemma in daily practice?,Goal-oriented,Assertive,Analytical,Empathetic,,,D,Pharmacology for Canadian Health Care Practice,3 - Legal & Ethical Considerations
BSCN9300,Pharmacotherapeutics,T,Which responsibility is fundamental in nursing practice according to the International Council of Nurses (ICN) Code of Ethics for Nurses?,Preventing Illness,Initiating quality improvements,Conducting health surveys,Alleviating suffering,Restoring health,,A|D|E,Pharmacology for Canadian Health Care Practice,3 - Legal & Ethical Considerations
BSCN9300,Pharmacotherapeutics,T,Which ethical nursing action promotes informed decision making?,Thriving for the highest level of nursing practice,Respecting a person’s autonomy,Providing compassionate care,Questioning unsafe practices,,,B,Pharmacology for Canadian Health Care Practice,3 - Legal & Ethical Considerations
BSCN9300,Pharmacotherapeutics,T,Which nursing action would align with ethical standards when utilizing placebos in clinical practice?,"Encouraging placebo use as a routine treatment option for all patients, regardless of medical necessity",Informing patients of their right to withdraw from the clinical study without consequences to their medical care,Administering placebos without disclosing their use to patients to enhance treatment outcomes,Using placebos in research contexts and avoiding their use in clinical settings,,,B,Pharmacology for Canadian Health Care Practice,3 - Legal & Ethical Considerations
BSCN9300,Pharmacotherapeutics,T,What is the nurse’s role in the development of new and investigational drugs?,To select healthy older adult patients to participate in Phase I studies,To identify patients who receive a placebo drug during Phase III studies,To monitor and report any adverse effects observed during Phase IV studies,To inform patients of the specific drug they will receive during phase II studies,,,C,Pharmacology for Canadian Health Care Practice,3 - Legal & Ethical Considerations
BSCN9300,Pharmacotherapeutics,T,It is the professional responsibility of the nurse to do which of the following?,Use beneficence.,Withhold information from the patient as requested by the family.,Impose personal values on the patient when doing so would help the patient.,Transfer the care of a patient to another professional nurse if caring for the patient would violate personal ethical principles.,,,D,Pharmacology for Canadian Health Care Practice,3 - Legal & Ethical Considerations
BSCN9300,Pharmacotherapeutics,T,"Which of the following, in respect to the patient’s cultural practices, must the nurse keep in mind when providing drug therapy and other health practices?",Dietary habits and practices can be of little value to the care of a sick adult.,Most cultures are standard in regard to the use of medication during illness.,The use of some drugs elicits varied responses depending on the patient’s cultural practice.,"Regardless of the patient’s cultural background, it is crucial to adhere to recommended medical practices.",,,C,Pharmacology for Canadian Health Care Practice,3 - Legal & Ethical Considerations
BSCN9300,Pharmacotherapeutics,T,New drugs must go through extensive research and testing before approval for use in humans. The nurse knows that the average length of time a medication is researched before being prescribed for humans is how many years?,2 to 4,6 to 8,10 to 12,14 to 16,,,C,Pharmacology for Canadian Health Care Practice,3 - Legal & Ethical Considerations
BSCN9300,Pharmacotherapeutics,T,A pharmaceutical company is voluntarily conducting a post-marketing study to obtain further proof of the therapeutic effects of a new drug. What phase of drug study is this considered to be?,Phase I,Phase II,Phase III,Phase IV,,,D,Pharmacology for Canadian Health Care Practice,3 - Legal & Ethical Considerations
BSCN9300,Pharmacotherapeutics,T,"What federal law governs the collection, use, and disclosure of personal information?",Privacy and Confidentiality Act,Personal Health Information Protection Act,Personal Information Protection and Electronic Documents Act,Personal Health Information Access and Protection of Privacy Act,,,C,Pharmacology for Canadian Health Care Practice,3 - Legal & Ethical Considerations
BSCN9300,Pharmacotherapeutics,T,There are multiple factors that the nurse must be respectful of and unrestricted by when providing care. Which factors must the nurse consider?,Age,Culture,Social status,Disability,Sexual orientation,Colour,A|B|C|D|E|F,Pharmacology for Canadian Health Care Practice,3 - Legal & Ethical Considerations
BSCN9300,Pharmacotherapeutics,T,Which statement about the informed consent form related to an investigational drug study is accurate?,It should be written in a language understood by the patient,It should be dated accurately by the members of the research team,It should be signed by at least two witnesses other than the research team member,It should be completed immediately prior to the start of the study,,,A,Pharmacology for Canadian Health Care Practice,3 - Legal & Ethical Considerations
BSCN9300,Pharmacotherapeutics,T,Which scenario falls under the oversight of Natural Health Products Regulations?,A person taking a homeopathic medicine for a headache,A patient taking a blood pressure drug prescribed by a health care provider,A patient taking a sleeping pill prescribed by a psychiatrist,A nurse administering an intravenous sedative,,,A,Pharmacology for Canadian Health Care Practice,3 - Legal & Ethical Considerations
BSCN9300,Pharmacotherapeutics,T,Which patient's prescription drug cost would be covered by funds from the federal government?,Retired older adult,Indigenous young adult,Young child with cancer,Middle-aged health care provider,,,B,Pharmacology for Canadian Health Care Practice,3 - Legal & Ethical Considerations
BSCN9300,Pharmacotherapeutics,T,Which class of drugs is classified as having the highest potential for abuse and dependency?,Opioids,Cannabis,Barbiturates,Amphetamines,,,A,Pharmacology for Canadian Health Care Practice,3 - Legal & Ethical Considerations
BSCN9300,Pharmacotherapeutics,T,Which scenario would indicate that a preclinical investigation was done through the in vitro method?,Testing is done on living rats,Testing is done on a dead mammal,Testing is done on a human being,Testing is done on autopsy specimens,,,D,Pharmacology for Canadian Health Care Practice,3 - Legal & Ethical Considerations
BSCN9300,Pharmacotherapeutics,T,Which process would be selected if a pharmaceutical company asks for the urgent approval of a drug with the potential to treat a life-threatening disease?,Priority Review of Drug Submissions,Clinical safety and efficacy assessment,Postmarketing studies,Drug Identification Number assignment,,,A,Pharmacology for Canadian Health Care Practice,3 - Legal & Ethical Considerations
BSCN9300,Pharmacotherapeutics,T,Which factor can lead to the restriction of a drug in entering the market?,Low cost,High efficacy,Special marketing,Insurance coverage,,,C,Pharmacology for Canadian Health Care Practice,3 - Legal & Ethical Considerations
BSCN9300,Pharmacotherapeutics,T,Which change occurred as a result of the regulations included in the Special Access Programme in October 2013?,Access to products containing heroin was prevented,Access to lysergic acid diethylamide (LSD) was allowed in special cases,Epilepsy was excluded from the complication list,Special access to drugs was permitted for all patients,,,A,Pharmacology for Canadian Health Care Practice,3 - Legal & Ethical Considerations
BSCN9300,Pharmacotherapeutics,T,Which investigational drug study phase immediately precedes the introduction of a drug to the market,Preclinical trial,Clinical Phase I,Clinical Phase II,Clinical Phase III,,,D,Pharmacology for Canadian Health Care Practice,3 - Legal & Ethical Considerations
BSCN9300,Pharmacotherapeutics,T,Which statement is accurate about drug advertising?,Advertisements in public transit can make claims about the benefits of a drug,Consumer magazines can provide the efficacy claims of a prescription drug,Health care journal advertisements can publish claims about drugs,Drug companies are required to have advertisements reviewed and approved,,,C,Pharmacology for Canadian Health Care Practice,3 - Legal & Ethical Considerations
BSCN9300,Pharmacotherapeutics,AI,"A.L. is undergoing major surgery and asks the nurse about a living will. A.L. states, “I don’t want anybody making decisions for me. And I don’t want to prolong my life.” A.L. is demonstrating",Autonomy,Beneficence,Justice,Veracity,,,A,Pharmacology for Canadian Health Care Practice,3 - Legal & Ethical Considerations
BSCN9300,Pharmacotherapeutics,AI,"J.K. is being counselled for possible participation in a clinical trial for a new medication. After J.K. meets with the physician, the nurse is asked to obtain J.K.’s signature on the consent forms. The nurse knows that this “informed consent” indicates which of the following?","Once therapy has begun, the patient cannot withdraw from the clinical trial.",The patient has been informed of all potential hazards and benefits of the therapy.,The patient has received only the information that will help to make the clinical trial a success.,"No matter what happens, the patient will not be able to sue the researchers for damages.",,,B,Pharmacology for Canadian Health Care Practice,3 - Legal & Ethical Considerations
BSCN9300,Pharmacotherapeutics,AI,"A new drug has been approved for use, and the drug manufacturer has made it available for sale. During the first 6 months, Health Canada receives reports of severe adverse effects that were not discovered during the testing and considers whether to withdraw the drug. This illustrates which phase of investigational drug studies?",Phase I,Phase II,Phase III,Phase IV,,,D,Pharmacology for Canadian Health Care Practice,3 - Legal & Ethical Considerations
BSCN9300,Pharmacotherapeutics,AI,"When discussing the laws on legal marihuana use in Canada with a patient, which facts does the nurse consider?",Marihuana is considered a legal substance.,Medical marihuana is produced via Health Canada–regulated producers.,The Marihuana Medical Access Program governs the use of medical marihuana.,Licensed regulators are required to provide quarterly reports upon request to provincial and territorial licensing bodies.,Medical marihuana can legally be consumed in other forms.,,A|B|D|E,Pharmacology for Canadian Health Care Practice,3 - Legal & Ethical Considerations
BSCN9310,Pathophysiology I,T,"A decrease in workload, use, pressure, or blood supply appropriately describes which of the following?",Physiological atrophy,Pathological atrophy,Hypertrophy,Hyperplasia,,,B,Understanding Pathophysiology,4 - Altered Cellular and Tissue Biology
BSCN9310,Pathophysiology I,T,The appropriate term for the reversible replacement of one mature cell by another is which of the following?,Metaplasia,Hyperplasia,Dysplasia,Atypical hyperplasia,,,A,Understanding Pathophysiology,4 - Altered Cellular and Tissue Biology
BSCN9310,Pathophysiology I,T,Which one of the following conditions would be diagnosed in a patient with a collection of blood located between the skull and the dura?,Epidural hematoma,Contusion,Subdural hematoma,Abrasion,,,A,Understanding Pathophysiology,4 - Altered Cellular and Tissue Biology
BSCN9310,Pathophysiology I,T,A tear or rip of the skin with a jagged and irregular edge is described as which one of the following?,Abrasion,Incision,Laceration,Avulsion,,,C,Understanding Pathophysiology,4 - Altered Cellular and Tissue Biology
BSCN9310,Pathophysiology I,T,A characteristic of a stab wound includes which one of the following?,An injury that is deeper than it is long,An injury that is longer than it is deep,The presence of a broken bone,A significant crush injury,,,A,Understanding Pathophysiology,4 - Altered Cellular and Tissue Biology
BSCN9310,Pathophysiology I,T,The appropriate term for fragments of burning or unburned pieces of gunpowder that are embedded in the epidermis is which of the following?,Exit wound,Stippling,Blowback,Tattooing,,,D,Understanding Pathophysiology,4 - Altered Cellular and Tissue Biology
BSCN9310,Pathophysiology I,T,Which term describes oxygen failing to reach the blood?,Suffocation,Strangulation,Drowning,Petechiae,,,A,Understanding Pathophysiology,4 - Altered Cellular and Tissue Biology
BSCN9310,Pathophysiology I,T,Which of the following pigments is correctly paired with its colour?,melanin: brown-black,hemosiderin: green-black,blue nevus: brown-black,bilirubin: yellow-brown,,,A,Understanding Pathophysiology,4 - Altered Cellular and Tissue Biology
BSCN9310,Pathophysiology I,T,The appropriate term to identify the nuclear dissolution and destruction of chromatin by action of hydrolytic enzymes is which of the following?,Autolysis,Pyknosis,Karyorrhexis,Karyolysis,,,D,Understanding Pathophysiology,4 - Altered Cellular and Tissue Biology
BSCN9310,Pathophysiology I,T,Which statement is true regarding calcium?,"Calcium salts accumulate in healthy, living cells with normal body function.",Dystrophic calcification occurs in chronic tuberculosis.,Metastatic calcification occurs in damaged tissue.,Psammoma bodies are individual calcium molecules.,,,B,Understanding Pathophysiology,4 - Altered Cellular and Tissue Biology
BSCN9310,Pathophysiology I,T,Tuberculous infections are likely to result in a form of necrosis called which of the following?,Coagulative,Liquefactive,Fat,Caseous,,,D,Understanding Pathophysiology,4 - Altered Cellular and Tissue Biology
BSCN9310,Pathophysiology I,T,The term “apoptosis” is appropriately defined as which of the following?,Second-messenger system,Autostimulation,Programmed cell death,Pass-it-on signal,,,C,Understanding Pathophysiology,4 - Altered Cellular and Tissue Biology
BSCN9310,Pathophysiology I,T,The process of atrophy is a result of which of the following?,Aging,Lack of blood supply,Work demand,Hormonal stimulation,Need to replace lost cells,,A|B|D,Understanding Pathophysiology,4 - Altered Cellular and Tissue Biology
BSCN9310,Pathophysiology I,T,Which of the following is an example of a physical barrier against injury and infection?,Antibacterial fatty acids,Lysozymes in tears,Epithelial cells,Earwax,,,C,Understanding Pathophysiology,6 - Innate Immunity: Inflammation and Wound Healing
BSCN9310,Pathophysiology I,T,A biochemical substance that attracts leukocytes to the site of inflammation is known as which of the following?,Carboxypeptidase,Chemotactic factor,Fibrin,Opsonin,,,B,Understanding Pathophysiology,6 - Innate Immunity: Inflammation and Wound Healing
BSCN9310,Pathophysiology I,T,Which of the following is a characteristic of mast cells?,They release histamine that causes vasoconstriction.,They are found only in blood vessels.,They release histamine that causes inflammation.,They are not involved in allergic reactions.,,,C,Understanding Pathophysiology,6 - Innate Immunity: Inflammation and Wound Healing
BSCN9310,Pathophysiology I,T,"Which is an acidic, sulphur-containing lipid that produces effects similar to histamine?",Leukotriene,Prostaglandin,Adhesion molecule,Phagocyte,,,A,Understanding Pathophysiology,6 - Innate Immunity: Inflammation and Wound Healing
BSCN9310,Pathophysiology I,T,Which of the following is a characteristic of neutrophils?,They are granules in â-defensins.,They are the predominant phagocytes at the early inflammatory site.,They are the largest blood cells delivered to the site of injury.,They enter a wound site after lymphocytes and macrophages.,,,B,Understanding Pathophysiology,6 - Innate Immunity: Inflammation and Wound Healing
BSCN9310,Pathophysiology I,T,Biochemical messengers produced by macrophages and lymphocytes in response to a pathogen are called:,interleukins.,interferons.,chemokines.,tumour necrosis factor.,,,A,Understanding Pathophysiology,6 - Innate Immunity: Inflammation and Wound Healing
BSCN9310,Pathophysiology I,T,Which cytokine is secreted by macrophages and mast cells and acts to induce fever?,Interleukin-1,Interleukin-6,Interferons,Tumour necrosis factor-alpha,,,D,Understanding Pathophysiology,6 - Innate Immunity: Inflammation and Wound Healing
BSCN9310,Pathophysiology I,T,Barriers associated with innate immunity include which of the following?,Physical barriers,Mechanical barriers,Biochemical barriers,Resistance barriers,Inflammation barriers,,A|B|C,Understanding Pathophysiology,6 - Innate Immunity: Inflammation and Wound Healing
BSCN9310,Pathophysiology I,T,"In a patient experiencing inflammation, which of the following characteristics would be observable?",Redness,Coolness to the touch,Increased swelling,Pain,Numbness,,A|C|D,Understanding Pathophysiology,6 - Innate Immunity: Inflammation and Wound Healing
BSCN9310,Pathophysiology I,T,The activation of the complement system includes which of the following?,Antigen,Classic,Lectin,Alternative,Antibody,,B|C|D,Understanding Pathophysiology,6 - Innate Immunity: Inflammation and Wound Healing
BSCN9310,Pathophysiology I,T,The clotting system at the site of injury or inflammation includes which of the following functions?,Plugging damaged vessels and stopping bleeding,"Trapping microorganisms and preventing their spread to adjacent tissues,",Forming constant bleeding to flush out the microorganism,Providing a framework for future repair and healing,Disposing of foreign material at the site of a wound,,A|B|D,Understanding Pathophysiology,6 - Innate Immunity: Inflammation and Wound Healing
BSCN9310,Pathophysiology I,T,The proliferation phase of wound healing includes which of the following?,Fibroblast proliferation,Collagen synthesis,Neutrophil infiltration,Epithelialization,Wound contraction,,A|B|D|E,Understanding Pathophysiology,6 - Innate Immunity: Inflammation and Wound Healing
BSCN9310,Pathophysiology I,T,Which of the following is a characteristic of the immune response in humans?,"Before birth, there is no production of lymphocytes.",B lymphocytes are produced by the thymus.,T lymphocytes are produced by the bone marrow.,Generation of clonal diversity occurs in primary lymphoid organs.,,,D,Understanding Pathophysiology,7 - Adaptive Immunity
BSCN9310,Pathophysiology I,T,Which is characteristic of humoral immunity?,Cells undergo differentiation and develop into subpopulations.,Cells attack cancerous cells.,Antibodies are primarily responsible for protection.,Cytotoxic T cells attack and kill targets.,,,C,Understanding Pathophysiology,7 - Adaptive Immunity
BSCN9310,Pathophysiology I,T,Which is the portion of the antigen that is configured to recognize and bind?,Paratope,Epitope,Self-antigen,Immunogen,,,B,Understanding Pathophysiology,7 - Adaptive Immunity
BSCN9310,Pathophysiology I,T,Which is a function of cytotoxic T lymphocytes?,Activation of macrophages,Direct stimulation of B-cell maturation,Processes isotype switching,Direct killing of foreign and abnormal cells,,,D,Understanding Pathophysiology,7 - Adaptive Immunity
BSCN9310,Pathophysiology I,T,Inactivation or blocking of the antigen binding to the receptor is best described as which of the following?,Agglutination,Precipitation,Neutralization,Attenuation,,,C,Understanding Pathophysiology,7 - Adaptive Immunity
BSCN9310,Pathophysiology I,T,Which statement best characterizes humoral response?,Responding to only a certain number of antigens,Becoming activated upon recognition of an antigen,Clonal diversity being generated by the foreignness of the antigen,Immunoglobulins that are composed of six polypeptide chains,,,B,Understanding Pathophysiology,7 - Adaptive Immunity
BSCN9310,Pathophysiology I,T,The excessive production of cytokines and Th-cell activation and proliferation is a result of which of the following?,Superantigen,Lymphokine-producing cells,Regulatory T cells,Th1 cells,,,A,Understanding Pathophysiology,7 - Adaptive Immunity
BSCN9310,Pathophysiology I,T,Which of the following is true regarding an IgA antibody?,It is found in blood as IgA-1.,It is primarily found in the body’s secretions IUgA-2.,It has dimers anchored together by a J chain.,It has a gamma heavy chain.,It is found in the blood as secretory IgA.,,A|B|C,Understanding Pathophysiology,7 - Adaptive Immunity
BSCN9310,Pathophysiology I,T,Aging affects self-defence mechanisms in which of the following ways?,Decreasing immune function,Diminishing T-cell function,Reducing antibody response to antigenic challenges,Losing significant ability to produce IgA,Decreasing thymic hormone production,,A|B|C|E,Understanding Pathophysiology,7 - Adaptive Immunity
BSCN9310,Pathophysiology I,T,The molecular classes of immunoglobulins include which of the following?,IgG,IgNc,IgM,IgE,IgA,,A|C|D|E,Understanding Pathophysiology,7 - Adaptive Immunity
BSCN9310,Pathophysiology I,T,The IgE antibody is correctly described in which of the following ways?,Designed to protect the host from large viruses,A common cause of common allergies,The only inflammatory cell that can damage a virus,Designed specifically to prevent the invasion of pathogens through mucous membranes,Capable of protecting the host from parasites,,B|E,Understanding Pathophysiology,7 - Adaptive Immunity
BSCN9310,Pathophysiology I,T,Which statement is accurate regarding immunological response?,Allergy means a hypersensitivity to environmental antigens.,Immunity means an altered immunological response.,Hypersensitivity means the protective response to an antigen.,Autoimmunity means the normal response to foreign antigens.,,,A,Understanding Pathophysiology,8 - Infection and Defects in Mechanisms of Defense
BSCN9310,Pathophysiology I,T,An accurate description of a type I reaction would be which of the following?,It is mediated by IgA.,It is generally allergic in nature.,It most often occurs against medications.,It seldom contributes to autoimmune diseases.,,,B,Understanding Pathophysiology,8 - Infection and Defects in Mechanisms of Defense
BSCN9310,Pathophysiology I,T,Which of the following is correct regarding serum sickness?,It is caused by the formation of immune complexes.,It is the result of the deposition of complexes in the lungs.,It is the result of cytotoxic T-cell reactions to antigens.,It is created by the binding of the antigen to the cell surface.,,,A,Understanding Pathophysiology,8 - Infection and Defects in Mechanisms of Defense
BSCN9310,Pathophysiology I,T,Which of the following is correct with respect to a type IV allergic reaction?,It is immediate in its action.,It results in an infiltration of B cells.,"It creates a red, soft-centred lesion.",It is transferred by cells.,,,D,Understanding Pathophysiology,8 - Infection and Defects in Mechanisms of Defense
BSCN9310,Pathophysiology I,T,Which of the following patients is most likely to present with systemic lupus erythematosus (SLE)?,A patient who has male genitalia,A patient who is white,A patient who reports symptoms of arthritis,A patient who experiences memory loss,,,C,Understanding Pathophysiology,8 - Infection and Defects in Mechanisms of Defense
BSCN9310,Pathophysiology I,T,Which of the following statements is TRUE about organ transplant rejection?,The rejection is type IV hypersensitivity.,Hyperacute rejection is common.,Acute rejection occurs within months to years.,It takes years for rejection if immunosuppressive medications are not taken.,,,A,Understanding Pathophysiology,8 - Infection and Defects in Mechanisms of Defense
BSCN9310,Pathophysiology I,T,Which of the following statements is TRUE related to a unit of packed RBCs?,It has three different RBC antigens.,It is type AB blood and will have anti-A and anti-B antibodies.,It is type O blood and will have neither A nor B antigens.,It is type A blood and will have anti-O antibodies.,,,C,Understanding Pathophysiology,8 - Infection and Defects in Mechanisms of Defense
BSCN9310,Pathophysiology I,T,A patient who is a type AB+ blood will:,not produce anti-D antibodies.,"have one genotype, DD.",have the dd genotype.,be among 15% of the population.,,,A,Understanding Pathophysiology,8 - Infection and Defects in Mechanisms of Defense
BSCN9310,Pathophysiology I,T,Hypersensitivity reactions include which of the following?,Type I IgE allergic reactions,Type II tissue-specific reactions,Type III immune complex reactions,Type IV cell-mediated reactions,Type V autoimmune reactions,,A|B|C|D,Understanding Pathophysiology,8 - Infection and Defects in Mechanisms of Defense
BSCN9310,Pathophysiology I,T,The action of histamine results in which of the following?,Relaxation of smooth muscle,Increase of vascular permeability,Formation of edema,Increase of blood flow into the affected area,Constriction of bronchial smooth muscles,,B|C|D|E,Understanding Pathophysiology,8 - Infection and Defects in Mechanisms of Defense
BSCN9310,Pathophysiology I,T,Urticaria is also known as which of the following?,Rhinitis,Hives,Wheal/flare,Bleb,Dermal skin reaction,,B|C|E,Understanding Pathophysiology,8 - Infection and Defects in Mechanisms of Defense
BSCN9310,Pathophysiology I,T,The mechanism by which a type II hypersensitivity reaction affects cells includes which of the following?,The cell is destroyed by antibody and complement.,Antibody may cause phagocytosis.,Components of neutrophils will release their granules.,Antigen-mediated cytotoxicity.,Antibody-dependent cell-mediated cytotoxicity.,,A|B|C|E,Understanding Pathophysiology,8 - Infection and Defects in Mechanisms of Defense
BSCN9310,Pathophysiology I,T,An example of type IV sensitivity reactions includes which of the following?,Graft rejection,Skin test for tuberculosis,Arthus reactions,Autoimmune processes,Poison ivy blebs,,A|B|D|E,Understanding Pathophysiology,8 - Infection and Defects in Mechanisms of Defense
BSCN9310,Pathophysiology I,T,A reactive response involves mounting a response to which of the following?,In anticipation to a stressor,In reaction to a stressor,To a learned stressor,To a physical stressor,,,B,Understanding Pathophysiology,9 - Stress and Disease
BSCN9310,Pathophysiology I,T,"When experiencing stress, the effects of the epinephrine circulating in body will result in which of the following?",Bradycardia,Decreased heart contractility,Increased skeletal muscle blood supply,Hyperglycemia,,,D,Understanding Pathophysiology,9 - Stress and Disease
BSCN9310,Pathophysiology I,T,"After ACTH activates the release of cortisol, which of the following occurs?",Plasma is bound to corticotropin.,Gluconeogenesis is halted.,Cortisol increases blood glucose.,Cortisol decreases protein synthesis.,,,C,Understanding Pathophysiology,9 - Stress and Disease
BSCN9310,Pathophysiology I,T,The immune system will respond to stress in which following way?,With an increase in Th1,Through a shift in Th1,With little or no change,Through the effects of cortisol,,,D,Understanding Pathophysiology,9 - Stress and Disease
BSCN9310,Pathophysiology I,T,CRH (corticotropin-releasing hormone) influences the immune system through which following response?,Its release from peripheral inflammatory sites,Vasoconstriction,Decreased vascular permeability,Targeting red blood cells at peripheral targets,,,A,Understanding Pathophysiology,9 - Stress and Disease
BSCN9310,Pathophysiology I,T,Which of the following is TRUE regarding stress and the immune system?,There are no known immune-related conditions.,Cardiovascular disease is one condition related to stress.,There is a decreased level of proinflammatory cytokines.,Negative emotions cause no alterations in the immune system.,,,B,Understanding Pathophysiology,9 - Stress and Disease
BSCN9310,Pathophysiology I,T,The stages in the development of general adaptation syndrome include which of the following?,Alarm,Resistance,Termination,Exhaustion,Adaptation,,A|B|D|E,Understanding Pathophysiology,9 - Stress and Disease
BSCN9310,Pathophysiology I,T,"When an older person’s partner is hospitalized, research has shown that the healthy partner’s mortality is affected due to which of the following factors?",Emotional stress,Financial stress,Practical support,Psychological support,Self-esteem,,A|B|C|D,Understanding Pathophysiology,9 - Stress and Disease
BSCN9310,Pathophysiology I,T,Which age-related change is associated with the stress-age syndrome?,Free-radical damage to cells,Increase in serum thyroxine,Hypercoagulation of the blood,Decreased concentrations of testosterone,Immunodepression,,A|C|D|E,Understanding Pathophysiology,9 - Stress and Disease
BSCN9310,Pathophysiology I,T,The effect of stress on inflammatory and immune processes can have an effect on which conditions?,Depression,Coronary artery disease,Malnutrition,Autoimmune disorders,Virally mediated cancers,,A|B|D,Understanding Pathophysiology,9 - Stress and Disease
BSCN9320,Health Assessment,T,"According to the biomedical model, a narrow definition of health is","optimal functioning of mind, body, and spirit within the environment.",the absence of disease.,the response of the whole person to actual or potential problems.,prevention of disease.,,,B,Physical Examination & Health Assessment,1 - Critical Thinking & Evidence-Informed Assessment
BSCN9320,Health Assessment,T,What type of database is most appropriate when rapid collection of data is required and often performed concurrently with life-saving measures?,Episodic,Follow-up,Emergency,Complete,,,C,Physical Examination & Health Assessment,1 - Critical Thinking & Evidence-Informed Assessment
BSCN9320,Health Assessment,T,A medical diagnosis is used to identify and explain,a person’s state of health.,the response of the whole person to actual or potential health problems.,a person’s culture.,the cause of disease.,,,D,Physical Examination & Health Assessment,1 - Critical Thinking & Evidence-Informed Assessment
BSCN9320,Health Assessment,T,Which of the following is considered an example of subjective data?,Decreased range of motion,Crepitation in the left knee joint,Left knee has been swollen and hot for the past 3 days,Arthritis,,,C,Physical Examination & Health Assessment,1 - Critical Thinking & Evidence-Informed Assessment
BSCN9320,Health Assessment,T,What type of database is most appropriate for an individual who is admitted to a long-term care facility?,Episodic,Follow-up,Emergency,Complete,,,D,Physical Examination & Health Assessment,1 - Critical Thinking & Evidence-Informed Assessment
BSCN9320,Health Assessment,T,Which of the following is considered an example of objective data?,Alert and oriented,Headache,An earache,A sore throat,,,A,Physical Examination & Health Assessment,1 - Critical Thinking & Evidence-Informed Assessment
BSCN9320,Health Assessment,T,The nursing process is,the process of analyzing health data and drawing conclusions to identify diagnoses.,a systematic method of planning and providing patient care organized around series of phases that integrate evidence-informed practice and critical thinking.,the approach to treatment that involves multiple disciplines.,"a process of continually examining how you view and respond to patients on the basis of your own assumptions, cultural and social orientations, and past experiences.",,,B,Physical Examination & Health Assessment,1 - Critical Thinking & Evidence-Informed Assessment
BSCN9320,Health Assessment,T,A nursing diagnosis is best described as,a determination of the etiology of disease.,a pattern of coping.,an individual’s perception of health.,a concise statement of actual or potential health concerns or level of wellness.,,,D,Physical Examination & Health Assessment,1 - Critical Thinking & Evidence-Informed Assessment
BSCN9320,Health Assessment,T,Social determinants of health are,comprehensive social and political processes.,secondary and primary preventions to change lifestyle and behaviour.,socioenvironmental perspectives.,"social, economic, and political conditions.",,,D,Physical Examination & Health Assessment,1 - Critical Thinking & Evidence-Informed Assessment
BSCN9320,Health Assessment,T,"A patient admitted to the hospital with asthma has the following problems identified, on the basis of the admission health history and physical assessment results. Which problem is a first-level priority?",Ineffective self-health management,Risk for infection,Impaired gas exchange,Readiness for enhanced spiritual well-being,,,C,Physical Examination & Health Assessment,2 - Health Promotion in the Context of Health Assessment
BSCN9320,Health Assessment,T,The social determinants of health related to the socioeconomic environment should be a concern for,a middle-income couple living in a supportive community.,an executive with a strong family network.,a university graduate employed with a company of good reputation.,a homeless man living on the streets.,,,D,Physical Examination & Health Assessment,2 - Health Promotion in the Context of Health Assessment
BSCN9320,Health Assessment,T,Health promotion has signaled a shift in power from,consumers of health care to their health care providers.,health insurance companies to health care providers.,health care agencies to consumers of health care.,health care providers to consumers of health care.,,,D,Physical Examination & Health Assessment,2 - Health Promotion in the Context of Health Assessment
BSCN9320,Health Assessment,T,Which of the following populations have a shorter life expectancy compared with the rest of Canadians?,South Asian and Southeast Asian Canadians,Indigenous peoples,European Canadians,African Canadians,,,B,Physical Examination & Health Assessment,2 - Health Promotion in the Context of Health Assessment
BSCN9320,Health Assessment,T,Assessments can facilitate effective health promotion for specific patients when,"they are time constrained, are to the point, and use predetermined strategies.","they are presumptive, involve minimal patient and family inputs, and consider preconceived notions of the patient.","they are systematic and thorough, use a strength-based approach, consider developmental level, take into account the patient’s and family’s cultural and social contexts, and involve the patient in decision making to ensure that care is patient centred.","they are comprehensive, depend on health care provider decision making, and have minimal consideration of socioeconomic determinants of health.",,,C,Physical Examination & Health Assessment,2 - Health Promotion in the Context of Health Assessment
BSCN9320,Health Assessment,T,Which of the following is an example of tertiary prevention?,Prostate–specific antigen (PSA) blood test,Preventing second-hand smoke exposure of a patient with chronic obstructive lung disease,Immunization against infectious diseases,Diet and exercise programs to prevent further heart attack or strokes,,,B,Physical Examination & Health Assessment,2 - Health Promotion in the Context of Health Assessment
BSCN9320,Health Assessment,T,The social determinants of health include,"injury prevention, diet, exercise, sexual health, substance use, dental health, anticipatory guidance, and primary prevention of specific cancers.","identifying depression, fall risk, visual acuity loss, problematic alcohol or substance use, and hearing loss.",income and social status; social support networks; education and literacy; employment/working conditions; social environments; physical environments; personal health practices and coping skills; healthy child development; biology and genetic endowment; health services; gender; and culture.,"developmental tests, screening tests, immunizations, counselling, and health education.",,,C,Physical Examination & Health Assessment,2 - Health Promotion in the Context of Health Assessment
BSCN9320,Health Assessment,T,What actions are outlined in the Ottawa Charter for Health Promotion to enable people to take control of and improve their health?,"Income, social status, social support networks, education, employment, and social environments","Primary prevention, secondary prevention, and tertiary prevention","Building healthy public policy, creating supportive environment, strengthening community actions, developing personal skills, reorienting health services, and enabling, mediating, and advocating","Involving the population as a whole, taking action on the social determinants of health, combining diverse but complementary methods, seeking public participation are actions that are nurtured and enabled by health care providers",,,C,Physical Examination & Health Assessment,2 - Health Promotion in the Context of Health Assessment
BSCN9320,Health Assessment,T,"When health care providers are challenged to focus upstream, their primary goal is to","focus on early detection of disease, before symptoms appear.",analyze health data and draw conclusions to identify diagnoses.,assess the root causes of health conditions that affect individuals.,focus on preventing complications when a condition or disease is present or progressed.,,,C,Physical Examination & Health Assessment,2 - Health Promotion in the Context of Health Assessment
BSCN9320,Health Assessment,T,Which of the following are examples of primary prevention activities?,Promoting the use of bicycle helmets by 12-year-old children,Reminding a patient with congestive heart failure to carefully monitor his weight,Organizing public influenza clinics,Teaching an 8-year-old child with asthma how to use his inhaler correctly,Providing nutrition classes to low-income families,Scheduling a colonoscopy for a 55-year-old man with a family history of colorectal cancer,A|C|E,Physical Examination & Health Assessment,2 - Health Promotion in the Context of Health Assessment
BSCN9320,Health Assessment,T,The Population Health Promotional Model is,a multifaceted approach that includes the social determinants of health and is used in nursing health assessments.,the predominant model of the Canadian health care system.,"a framework that can be used to influence health, social, and environmental policies.",a model that emphasizes changing behaviours and lifestyle.,,,A|C,Physical Examination & Health Assessment,2 - Health Promotion in the Context of Health Assessment
BSCN9320,Health Assessment,T,"When the nurse uses knowledge, skills, attitudes, and personal attributes that emphasize respect when interacting with diverse patient and coworker populations, the nurse is practicing",cultural sensitivity.,cultural competence.,culturalism.,cultural safety.,,,B,Physical Examination & Health Assessment,3 - A Relational Approach to Cultural & Social Considerations in Health Assessment
BSCN9320,Health Assessment,T,"When assessing a patient’s risk factors for health, what does the nurse know to be the primary cause of poor health among Canadians?",Inequality,Immigration,Poverty,Racialization,,,C,Physical Examination & Health Assessment,3 - A Relational Approach to Cultural & Social Considerations in Health Assessment
BSCN9320,Health Assessment,T,Which of the determinants of health claims the greatest effect on the health status of the population?,Social and economic environment,Physical environment,Health care system,Biology and genetic endowment,,,A,Physical Examination & Health Assessment,3 - A Relational Approach to Cultural & Social Considerations in Health Assessment
BSCN9320,Health Assessment,T,Performing culturally safe health assessments requires that the nurse,"understand culture to be the values, beliefs, customs, and practices specific to particular ethnocultural groups and assume that “cultural traits” are typical and different from the dominant cultural norm.",recognize that patients’ social problems are the result of their culture and assume that their health beliefs are governed by their ethnicity.,"build trust, engage through listening, communicate respect for differences and be aware of the patient’s social and economic contexts. Also requires the nurse to use relational inquiry which is focused on in this chapter.","use direct questioning, communicate judgement, assert authority, and dismiss fears and beliefs the nurse does not understand.",,,C,Physical Examination & Health Assessment,3 - A Relational Approach to Cultural & Social Considerations in Health Assessment
BSCN9320,Health Assessment,T,Spirituality is defined as,participating in religious services on a regular basis.,a personal effort to find meaning and purpose in life.,the process of being raised within a culture.,a social group that claims to possess variable traits.,,,B,Physical Examination & Health Assessment,3 - A Relational Approach to Cultural & Social Considerations in Health Assessment
BSCN9320,Health Assessment,T,Which of the following is true regarding language barriers and health care in Canada?,Limited English or French proficiency can be a challenge to accessing health care.,Limited English or French proficiency is associated with a higher quality of care.,English or French proficiency is associated with a lower quality of care.,Patients with language barriers have a decreased risk for nonadherence to medication regimens.,,,A,Physical Examination & Health Assessment,3 - A Relational Approach to Cultural & Social Considerations in Health Assessment
BSCN9320,Health Assessment,T,The reality that the health status of many Indigenous peoples is poorer than the rest of the Canadian population is an example of,health inequities.,health status of visible minorities.,health status and immigration.,health inequalities.,,,A,Physical Examination & Health Assessment,3 - A Relational Approach to Cultural & Social Considerations in Health Assessment
BSCN9320,Health Assessment,T,What type of perspective has been promoted to counter the tendency toward culturalism in health care?,Ethnicity,Critical cultural,“Othering”,Racialization,,,B,Physical Examination & Health Assessment,3 - A Relational Approach to Cultural & Social Considerations in Health Assessment
BSCN9320,Health Assessment,T,"Acupuncture, chiropractic, naturopathy, massage, herbal medicine, yoga, and healing touch are examples of",allopathic medicine.,complementary and alternative health care.,Western medicine.,natural health products.,,,B,Physical Examination & Health Assessment,3 - A Relational Approach to Cultural & Social Considerations in Health Assessment
BSCN9320,Health Assessment,T,Gender identity is,always the same as the person’s birth-assigned sex.,fundamentally different from a person’s sexual orientation.,how a person publicly presents gender.,multidimensional biological construct that encompasses a person’s reproductive and sexual anatomy and determines how a person is identified and treated in the world.,,,B,Physical Examination & Health Assessment,3 - A Relational Approach to Cultural & Social Considerations in Health Assessment
BSCN9320,Health Assessment,T,The nurse knows that using anti-racism and anti-oppression principles means:,Treating all clients exactly the same way.,Using relational inquiry when entering into an assessment of the client.,Understanding what racism means.,Understanding what is involved with health inequities.,,,B,Physical Examination & Health Assessment,3 - A Relational Approach to Cultural & Social Considerations in Health Assessment
BSCN9320,Health Assessment,T,"When preparing the physical setting for an interview, the interviewer should",set the room temperature to 15°C.,reduce noise by turning down the volume on the television or radio.,conduct the interview being positioned at eye level maintaining a distance of 1.5 m.,stand next to the patient to convey a professional demeanour.,,,C,Physical Examination & Health Assessment,4 - The Interview
BSCN9320,Health Assessment,T,Parents or caregivers accompany children to the health care setting. At what age does the interviewer start asking the child directly about his or her presenting symptoms?,5 years,7 years,9 years,11 years,,,B,Physical Examination & Health Assessment,4 - The Interview
BSCN9320,Health Assessment,T,"Which of the following statements, if made by the interviewer, would be an appropriate response?",“I know just how you feel.”,"“If I were you, I would have the surgery.”",“Why did you wait so long to make an appointment?”,“Tell me what you mean by ‘bad blood’.”,,,D,Physical Examination & Health Assessment,4 - The Interview
BSCN9320,Health Assessment,T,"While discussing the treatment plan, the nurse infers that the patient is uncomfortable about asking the health care provider for a different treatment because of fear of the health care provider’s reaction. In this situation, the nurse’s verbal interpretation",affects the nurse–physician relationship.,impedes further discussion.,helps the patient understand personal feelings in relation to his or her verbal message.,helps the nurse understand his or her own feelings in relation to the patient’s verbal message.,,,C,Physical Examination & Health Assessment,4 - The Interview
BSCN9320,Health Assessment,T,The use of euphemisms to avoid reality or to hide feelings is known as,distancing language.,sympathetic language.,avoidance language.,ethnocentric language.,,,C,Physical Examination & Health Assessment,4 - The Interview
BSCN9320,Health Assessment,T,"When addressing a pre- school-aged child during the interview, the health care provider should","ask the child, before asking the caregiver, about symptoms.",use nonverbal communication.,"use short, simple, concrete sentences.",use detailed explanations.,,,C,Physical Examination & Health Assessment,4 - The Interview
BSCN9320,Health Assessment,T,Nonverbal communication is the primary form of communication for which group of individuals?,Infants,Preschoolers,Adolescents,Older adults,,,A,Physical Examination & Health Assessment,4 - The Interview
BSCN9320,Health Assessment,T,Viewing the world from another person’s inner frame of reference is called,reflection.,empathy.,clarification.,sympathy.,,,B,Physical Examination & Health Assessment,4 - The Interview
BSCN9320,Health Assessment,T,An example of an open-ended question or statement is,“Tell me about your pain.”,"“On a scale of 1 to 10, how would you rate your pain?”",“I can see that you are quite uncomfortable.”,"“You are upset about the level of pain, right?”",,,A,Physical Examination & Health Assessment,4 - The Interview
BSCN9320,Health Assessment,T,The most appropriate introduction to start an interview with an older adult patient is,"“Mr. Jones, I want to ask you some questions about your health so that we can plan your care.”","“David, I am here to ask you questions about your illness; we want to determine what is wrong.”","“Mr. Jones, is it okay if I ask you several questions this morning about your health?”","“Because so many people have already asked you questions, I will just get the information from the chart.”",,,A,Physical Examination & Health Assessment,4 - The Interview
BSCN9320,Health Assessment,T,Which of the following is included in documenting a history source?,"Appearance, dress, and hygiene",Cognition and literacy level,Documented relationship of support systems,Reliability of informant,,,D,Physical Examination & Health Assessment,5 - The Complete Health History
BSCN9320,Health Assessment,T,"A patient seeks care for “debilitating headaches that cause excessive absences at work.” On further exploration, the nurse asks, “What makes the headaches worse?” With this question, the nurse is seeking information about",the patient’s perception of pain.,the nature or character of the headache.,aggravating factors.,relieving factors.,,,C,Physical Examination & Health Assessment,5 - The Complete Health History
BSCN9320,Health Assessment,T,"The health history collects subjective data, which comprise",findings from the physical examination.,laboratory values.,what the patient says about himself or herself.,results of diagnostic tests.,,,C,Physical Examination & Health Assessment,5 - The Complete Health History
BSCN9320,Health Assessment,T,The review of systems in the health history is,an evaluation of past and present health state of each body system.,a documentation of the problem as perceived by the patient.,a record of objective findings.,a short statement of general health status.,,,A,Physical Examination & Health Assessment,5 - The Complete Health History
BSCN9320,Health Assessment,T,"When recording information for the review of systems, the interviewer must document","physical findings, such as skin appearance, to support historical data.",“negative” under the system heading.,the presence or absence of all symptoms under the system heading.,objective data that support the history of present illness.,,,C,Physical Examination & Health Assessment,5 - The Complete Health History
BSCN9320,Health Assessment,T,Assessment of self-esteem and self-concept is part of the functional assessment. Areas covered under self-esteem and self-concept include,"education, financial status, and value-belief system.","exercise and activity, leisure activities, and level of independence.","family role, interpersonal relations, social support, and time spent alone.","stressors, coping mechanisms, and any changes in past year.",,,A,Physical Examination & Health Assessment,5 - The Complete Health History
BSCN9320,Health Assessment,T,PQRSTU is a mnemonic that helps the clinician remember to address characteristics specific to,intimate partner violence.,substance use.,symptoms.,the ability to perform activities of daily living (ADLs).,,,C,Physical Examination & Health Assessment,5 - The Complete Health History
BSCN9320,Health Assessment,T,The nurse questions the reliability of the history provided by the patient. One method to verify information within the context of the interview is to,review previous medical records.,rephrase the same questions later in the interview.,ask the patient if there is someone who could verify information.,call a family member to confirm information.,,,B,Physical Examination & Health Assessment,5 - The Complete Health History
BSCN9320,Health Assessment,T,"When taking the health history from an adolescent, the interviewer should",ask about violence and abuse before asking about alcohol and drug use.,have at least one parent present during the interview.,"interview the youth alone, with the parent(s) waiting in the waiting area.",ask about the use of condoms.,,,C,Physical Examination & Health Assessment,5 - The Complete Health History
BSCN9320,Health Assessment,T,What information is included in greater detail when taking a health history on an infant?,Nutritional data,History of present illness,Family history,Environmental hazards,,,A,Physical Examination & Health Assessment,5 - The Complete Health History
BSCN9320,Health Assessment,T,"To examine a toddler, the nurse should",allow the child to sit on the parent’s lap.,remove the child’s clothing at the beginning of the examination.,ask the child to decide whether parents or siblings should be present.,perform the assessment from head to toes.,,,A,Physical Examination & Health Assessment,9 - Assessment Techniques & the Clinical Setting
BSCN9320,Health Assessment,T,Deep palpation is used to,identify abdominal contents.,evaluate surface characteristics.,elicit deep tendon reflexes.,determine the density of a structure.,,,A,Physical Examination & Health Assessment,9 - Assessment Techniques & the Clinical Setting
BSCN9320,Health Assessment,T,Amplitude is,the intensity (soft or loud) of sound.,the length of time the note lingers.,the number of vibrations per second.,the subjective difference in a sound’s distinctive overtones.,,,A,Physical Examination & Health Assessment,9 - Assessment Techniques & the Clinical Setting
BSCN9320,Health Assessment,T,The dorsa of the hands are used to determine,vibration.,temperature.,an organ’s position.,fine tactile discrimination.,,,B,Physical Examination & Health Assessment,9 - Assessment Techniques & the Clinical Setting
BSCN9320,Health Assessment,T,Fine tactile discrimination is best achieved with the,opposition of the fingers and the thumb.,fingertips.,back of the hands and fingers.,base of the fingers.,,,B,Physical Examination & Health Assessment,9 - Assessment Techniques & the Clinical Setting
BSCN9320,Health Assessment,T,An examination of the fundus is an examination of the,inner ear.,pharynx.,internal structures of the eye.,nasal turbinates.,,,C,Physical Examination & Health Assessment,9 - Assessment Techniques & the Clinical Setting
BSCN9320,Health Assessment,T,Which of the following is considered when preparing to examine an older adult?,Basing the pace of the examination on the patient’s needs and abilities,Avoiding physical touch to offset making the older adult uncomfortable,Being aware that loss will result in poor coping mechanisms,"That confusion is a normal, expected finding in an older adult",,,A,Physical Examination & Health Assessment,9 - Assessment Techniques & the Clinical Setting
BSCN9320,Health Assessment,T,"When performing percussion, the examiner",strikes the flank area with the palm of the hand.,strikes the stationary finger at the distal interphalangeal joint.,strikes the stationary finger at the proximal interphalangeal joint.,taps fingertips over bony processes.,,,B,Physical Examination & Health Assessment,9 - Assessment Techniques & the Clinical Setting
BSCN9320,Health Assessment,T,"At the end of the examination, the examiner should",complete the documentation before leaving the examination room.,have the findings confirmed by another provider.,compare objective and subjective data for discrepancies.,review the findings with the patient.,,,D,Physical Examination & Health Assessment,9 - Assessment Techniques & the Clinical Setting
BSCN9320,Health Assessment,T,When would the nurse use second-tier precautions in addition to routine practices?,The patient is admitted with a leg fracture.,The patient is admitted with a methicillin-resistant Staphylococcus aureus infection.,The patient is a postpartum mother.,The patient is admitted for heart surgery.,,,B,Physical Examination & Health Assessment,"10 - General Survey, Measurement, & Vital Signs"
BSCN9320,Health Assessment,T,The general survey consists of four distinct areas. These areas include,"mental status, speech, behaviour, and mood and affect.","gait, range of motion, mental status, and behaviour.","physical appearance, body structure, mobility, and behaviour.","level of consciousness, personal hygiene, mental status, and physical condition.",,,C,Physical Examination & Health Assessment,"10 - General Survey, Measurement, & Vital Signs"
BSCN9320,Health Assessment,T,A common error in blood pressure measurement includes,taking the blood pressure in the arm positioned at the level of the heart.,waiting less than 1 to 2 minutes before repeating the blood pressure reading on the same arm.,deflating the cuff by about 2 mm Hg per heartbeat.,using a blood pressure cuff whose bladder length is 80% of the arm circumference.,,,B,Physical Examination & Health Assessment,"10 - General Survey, Measurement, & Vital Signs"
BSCN9320,Health Assessment,T,Data collection for the general survey begins,at the first encounter.,at the beginning of the physical examination.,while taking vital signs.,during the mental status examination.,,,A,Physical Examination & Health Assessment,"10 - General Survey, Measurement, & Vital Signs"
BSCN9320,Health Assessment,T,The Doppler technique,is used to assess the apical pulse.,augments Korotkoff’s sounds during blood pressure measurement.,provides an easy and accurate measure of the diastolic pressure.,measures arterial oxygenation saturation.,,,B,Physical Examination & Health Assessment,"10 - General Survey, Measurement, & Vital Signs"
BSCN9320,Health Assessment,T,The tympanic membrane thermometer,provides an accurate measurement of core body temperature.,senses the infrared emissions of the cerebral cortex.,is not used in unconscious patients.,accurately measures temperature in 20 to 30 seconds.,,,A,Physical Examination & Health Assessment,"10 - General Survey, Measurement, & Vital Signs"
BSCN9320,Health Assessment,T,Endogenous obesity is,caused by inadequate secretion of cortisol by the adrenal glands.,caused by excess adrenocorticotropic hormone (ACTH) production by the pituitary gland.,characterized by evenly distributed excess body fat.,a result of excessive secretion of growth hormone in adulthood.,,,B,Physical Examination & Health Assessment,"10 - General Survey, Measurement, & Vital Signs"
BSCN9320,Health Assessment,T,"To perform an accurate assessment of respirations, the examiner should",inform the person of the procedure and count for 1 minute.,"count for 15 seconds while keeping fingers on the pulse, and multiply by 4.","count for 30 seconds after completing a pulse assessment, and multiply by 2.",assess respirations for a full 2 minutes if an abnormality is suspected.,,,C,Physical Examination & Health Assessment,"10 - General Survey, Measurement, & Vital Signs"
BSCN9320,Health Assessment,T,Physical appearance includes statements that compare appearance with,mood and affect.,stated age.,gait.,nutrition.,,,B,Physical Examination & Health Assessment,"10 - General Survey, Measurement, & Vital Signs"
BSCN9320,Health Assessment,T,An adult patient’s pulse is 46 beats per minute. The term used to describe this rate is,tachycardia.,bradycardia.,weak and thready.,sinus arrhythmia.,,,B,Physical Examination & Health Assessment,"10 - General Survey, Measurement, & Vital Signs"
BSCN9320,Health Assessment,T,"The nurse records that the patient’s pulse is 3+, or “full and bounding.” Which of the following could be the cause?",Dehydration,Shock,Bleeding,Anxiety,,,D,Physical Examination & Health Assessment,"10 - General Survey, Measurement, & Vital Signs"
BSCN9320,Health Assessment,T,Pain signals are carried to the central nervous system by way of,perception.,afferent fibres.,modulation.,referred pain.,,,B,Physical Examination & Health Assessment,11 - Pain Assessment
BSCN9320,Health Assessment,T,Which of the following is the most reliable indicator for pain?,Magnetic resonance imaging (MRI) results,Patient’s self-report,Tissue enzyme levels,Blood drug levels,,,B,Physical Examination & Health Assessment,11 - Pain Assessment
BSCN9320,Health Assessment,T,Which of the following is true regarding pain in children?,Infants have the same capacity for pain as do adults.,Preverbal infants do not remember pain.,Children older than 2 years of age are able to accurately rate pain intensity.,Children will exaggerate their descriptions of pain in the presence of a health care provider.,,,A,Physical Examination & Health Assessment,11 - Pain Assessment
BSCN9320,Health Assessment,T,What occurs during transduction (the first phase of nociceptive pain)?,Pain signals move from the site of origin to the spinal cord.,The pain impulse moves from the spinal cord to the brain.,The brain interprets the pain signal.,"Chemical mediators are neutralized, decreasing the perception of pain.",,,A,Physical Examination & Health Assessment,11 - Pain Assessment
BSCN9320,Health Assessment,T,"What type of pain is short and self-limiting, and dissipates after the injured tissue has healed?",Chronic,Persistent,Acute,Malignant,,,C,Physical Examination & Health Assessment,11 - Pain Assessment
BSCN9320,Health Assessment,T,Neuropathic pain implies an abnormal,degree of pain interpretation.,processing of the pain message.,transmission of pain signals.,modulation of pain signals.,,,B,Physical Examination & Health Assessment,11 - Pain Assessment
BSCN9320,Health Assessment,T,What is the source of deep somatic pain?,Skin and subcutaneous tissues,Bones and joints,Pancreas,Intestine,,,B,Physical Examination & Health Assessment,11 - Pain Assessment
BSCN9320,Health Assessment,T,Which of the following has been found to influence pain perception in women?,Age,Genetics,Parity,Weight,,,B,Physical Examination & Health Assessment,11 - Pain Assessment
BSCN9320,Health Assessment,T,Specialized nerve endings that are designed to detect painful sensations are,synapses.,dorsal horns.,nociceptors.,C fibres.,,,C,Physical Examination & Health Assessment,11 - Pain Assessment
BSCN9320,Health Assessment,T,An intubated sedated patient has a score of 7 on the Critical-Care Pain Observation Tool. The nurse should,reassess the pain level in 3 to 4 hours.,administer prescribed pain medication.,confirm the pain level with vital signs.,use only nonpharmacological pain relief interventions.,,,B,Physical Examination & Health Assessment,11 - Pain Assessment
BSCN9330,Caring For Persons Requiring Medication,T,The nurse contacts the prescriber and receives a STAT telephone prescription for a medication. What is the first thing the nurse should do after writing down the prescription?,Locate the prescriber and obtain a signature,Prepare the medication for administration,Contact the pharmacy to have the medication sent to the nursing unit STAT,Repeat back the telephone prescription to the prescriber,,,D,Canadian Clinical Nursing Skills and Techniques,20 - Safe Medication Preparation
BSCN9330,Caring For Persons Requiring Medication,T,"The nurse is ready to administer a patient’s morning medication when the patient states, “Please leave the medication on my table. I will take it after I use the bathroom.” What is the most appropriate response from the nurse?",“I will bring the medication back to your room once you return from the bathroom.”,“It will take only a minute to swallow the medication before you go to the bathroom.”,"“That’s fine, please take it the minute you get back from the restroom. I will be back to check on you.”","“I will wait until noon, when you have more medication prescribed, and will bring it back to you then.”",,,A,Canadian Clinical Nursing Skills and Techniques,20 - Safe Medication Preparation
BSCN9330,Caring For Persons Requiring Medication,T,What is the goal of computerized provider order entry (CPOE)?,To increase the number of medication prescriptions,To decrease the number of medication prescriptions,To cause less inconvenience for prescribers,To prevent medication errors and enhance patient safety,,,D,Canadian Clinical Nursing Skills and Techniques,20 - Safe Medication Preparation
BSCN9330,Caring For Persons Requiring Medication,T,"In the event that a medication error occurs, what should the nurse do first?",Contact the prescriber to inform them of the error,Contact the manager or supervisor of the area where the error occurred,Assess and examine the patient,Complete the institution’s incident or occurrence report,,,C,Canadian Clinical Nursing Skills and Techniques,20 - Safe Medication Preparation
BSCN9330,Caring For Persons Requiring Medication,T,"When assessing for polypharmacy in older persons, the nurse should",ask about use of over-the-counter (OTC) medications,ask if the person has been prescribed more than 10 medications,ask if the person has been prescribed more than 10 medications,ask if the person has been prescribed more than 10 medications,ask if they have multiple health care providers,,A|C|E,Canadian Clinical Nursing Skills and Techniques,20 - Safe Medication Preparation
BSCN9330,Caring For Persons Requiring Medication,T,Which nursing action has the highest priority for a patient receiving medication via a nasogastric feeding tube?,Flush with 30 mL of water before and after feedings.,Keep head of bed elevated above 30 degrees for at least 30 to 60 minutes after feeding.,Wait 30 to 60 minutes after feeding to reconnect to suctioning.,Change the feeding pump bag and tubing every 24 hours.,,,A,Canadian Clinical Nursing Skills and Techniques,21 - Nonparenteral Medications
BSCN9330,Caring For Persons Requiring Medication,T,Which following task would be most appropriate for the nurse to delegate to the unregulated care provider (UCP)?,Administering oral medications,Documenting patient’s response to medication,Reporting any changes in patient’s status after medication administration,Calling the pharmacy to clarify the correct dose of medication,,,C,Canadian Clinical Nursing Skills and Techniques,21 - Nonparenteral Medications
BSCN9330,Caring For Persons Requiring Medication,T,The nurse is caring for a patient who has a prescription for an acetaminophen rectal suppository. Which finding contraindicates the use of a rectal suppository?,Rectal hemorrhoids,Presence of a fever,Rectal bleeding,Constipation,,,C,Canadian Clinical Nursing Skills and Techniques,21 - Nonparenteral Medications
BSCN9330,Caring For Persons Requiring Medication,T,"When administering medication through an enteral tube, always flush the tubing with ______ mL of water after each medication. After the last medication, flush the tubing with ______ mL of water.",15 to 30; 30 to 60,5 to 10; 15 to 30,30 to 60; 30 to 60,15 to 30; 60 to 90,,,A,Canadian Clinical Nursing Skills and Techniques,21 - Nonparenteral Medications
BSCN9330,Caring For Persons Requiring Medication,T,"When a patient self-administers a vaginal suppository, which behaviour would require further teaching?",The patient voids before insertion.,The patient lies in a dorsal recumbent position.,The patient uses their dominant hand to insert the suppository along the posterior wall of the vaginal canal.,The patient lubricates the suppository with petroleum jelly.,The patient inserts the suppository 5 cm (2 inches) into the vaginal canal.,,D|E,Canadian Clinical Nursing Skills and Techniques,21 - Nonparenteral Medications
BSCN9330,Caring For Persons Requiring Medication,T,What is the best way to minimize discomfort caused by the instillation of ear medication?,Warm the eardrops to room temperature before instillation.,Wear treatment gloves during the application process.,Ask the patient to sit while introducing the medication.,Use a cotton-tipped applicator to remove any visible cerumen.,,,A,Canadian Clinical Nursing Skills and Techniques,21 - Nonparenteral Medications
BSCN9330,Caring For Persons Requiring Medication,T,Which instruction would help ensure the maximum therapeutic response when a patient self-administers ear medication?,Remain in the lateral position (unaffected side) for a few minutes after instillation.,Bring refrigerated ear medication to room temperature before instillation.,Place a cotton ball firmly into the ear canal for 30 minutes after instillation.,"Apply a warm, damp washcloth to the external ear to remove any crusted discharge.",,,A,Canadian Clinical Nursing Skills and Techniques,21 - Nonparenteral Medications
BSCN9330,Caring For Persons Requiring Medication,T,Which statement or question best illustrates the nurse’s understanding of the role of the unregulated care provider (UCP) in the instillation of ear medications?,“Did you let the ear medication warm to room temperature?”,“Do you think the patient is capable of instilling their own eardrops?”,“Please tell the patient that the medication may make them dizzy when they stand up.”,"“Be sure to keep the patient on their side for a few minutes, because I just administered their eardrops.”",,,D,Canadian Clinical Nursing Skills and Techniques,21 - Nonparenteral Medications
BSCN9330,Caring For Persons Requiring Medication,T,"After instructing a patient in the self-administration of antibiotic eardrops, what must come first in the nurse’s assessment?",The patient’s understanding of the medication’s purpose,"The patient’s hand grasp, strength, coordination, and ability to manipulate the applicator",The patient’s comprehension of the dosage instructions provided with the medication,The patient’s ability to recognize the signs of an allergic reaction to the medication,,,B,Canadian Clinical Nursing Skills and Techniques,21 - Nonparenteral Medications
BSCN9330,Caring For Persons Requiring Medication,T,"To ensure proper distribution of ear medication after instillation, what will the nurse instruct an adult patient to do?",Have a caregiver instill the medication.,Avoid contaminating the medication’s applicator tip.,Instill the medication at the time ordered by the provider.,Instill the medication after gently pulling the ear up and back.,,,D,Canadian Clinical Nursing Skills and Techniques,21 - Nonparenteral Medications
BSCN9330,Caring For Persons Requiring Medication,T,What is the best way for the nurse to minimize the risk of contaminating the patient’s eye during the instillation of eye drops?,Encourage the patient to self-apply the medication.,Wear gloves during the entire application process.,Introduce the medication onto the inner canthus of the eye.,Perform effective hand hygiene before and after the instillation.,,,B,Canadian Clinical Nursing Skills and Techniques,21 - Nonparenteral Medications
BSCN9330,Caring For Persons Requiring Medication,T,Which instruction should be given to a patient to ensure safety when self-applying an antibiotic ointment?,It is not necessary to allow refrigerated eye medication to warm to room temperature before administration.,Do not apply pressure directly to the eyeball when removing excess medication.,"When cleaning the eye before administration, gently wash from the outer to the inner canthus.","Apply a warm, damp washcloth to the eye for several minutes to remove any crusted discharge.",,,B,Canadian Clinical Nursing Skills and Techniques,21 - Nonparenteral Medications
BSCN9330,Caring For Persons Requiring Medication,T,Which statement or question best illustrates the nurse’s understanding of the role of the unregistered care provider (UCP) in the instillation of eye medications?,“Did you let the eye medication warm to room temperature?”,“Do you think the patient is capable of instilling their own eye drops?”,“Be sure to slightly hyperextend their neck when instilling the medication.”,"“Their vision may be temporarily impaired, so please help them to the bathroom.”",,,D,Canadian Clinical Nursing Skills and Techniques,21 - Nonparenteral Medications
BSCN9330,Caring For Persons Requiring Medication,T,"After instructing a patient in the self-administration of antibiotic eye drops, what is the nurse's highest priority assessment?",The patient’s understanding of the medication’s purpose,"The patient’s hand grasp, strength, coordination, and ability to manipulate the applicator",The patient’s comprehension of the dosage instructions provided with the medication,The patient’s ability to recognize the signs of an allergic reaction to the medication,,,B,Canadian Clinical Nursing Skills and Techniques,21 - Nonparenteral Medications
BSCN9330,Caring For Persons Requiring Medication,T,"When placing an intraocular disk, the nurse recognizes that it is in the correct position by assessing what?",Visibility of the disk over the cornea,Lack of visibility of the disk as it is placed under the lower eyelid,Lack of visibility as it is placed under the upper eyelid,Visibility of a small portion of the disk extending slightly above the lower eyelid,,,B,Canadian Clinical Nursing Skills and Techniques,21 - Nonparenteral Medications
BSCN9330,Caring For Persons Requiring Medication,T,How might the nurse safely administer an extended-release capsule to a patient with dysphagia?,Encourage the patient to drink plenty of water when swallowing the capsule.,"Open the capsule, and place the contents into 90 mL (3 fl. oz.) of juice.",Place the capsule in a spoonful of the patient’s applesauce.,Save the capsule to be administered last.,,,C,Canadian Clinical Nursing Skills and Techniques,21 - Nonparenteral Medications
BSCN9330,Caring For Persons Requiring Medication,T,The nurse is preparing to administer several oral medications when the patient says they would like to take their pills with orange juice. What is the nurse’s best response?,Determine whether the patient’s prescribed diet includes orange juice.,Establish whether the medications may be taken with orange juice.,Ask the dietary aide to prescribe extra orange juice for the unit.,Administer the pills with orange juice.,,,B,Canadian Clinical Nursing Skills and Techniques,21 - Nonparenteral Medications
BSCN9330,Caring For Persons Requiring Medication,T,Which statement or question best illustrates the nurse’s understanding of the role of the unregulated care provider (UCP) in administering oral medications?,“Does the patient need their pain medication?”,“Please make sure the patient has plenty of fresh water to take with their pills.”,“How much did the pain medication improve their pain?”,“Stay with the patient until they swallow all the pills.”,,,B,Canadian Clinical Nursing Skills and Techniques,21 - Nonparenteral Medications
BSCN9330,Caring For Persons Requiring Medication,T,The nurse has provided a patient with a PRN oral analgesic that may be repeated as needed every 6 to 8 hours. What is the most appropriate follow-up action to ensure appropriate pain management?,Reassess the patient’s pain in 30 to 40 minutes.,Document the patient’s request for pain medication.,Administer the pain medication again in 6 hours.,Include the patient’s pain history in the end-of-shift nursing report.,,,A,Canadian Clinical Nursing Skills and Techniques,21 - Nonparenteral Medications
BSCN9330,Caring For Persons Requiring Medication,T,A patient with a history of nighttime confusion is to receive several oral medications at bedtime. What is the best way for the nurse to ensure that the patient has swallowed the medication?,Administer each tablet individually.,Observe the patient closely as they swallow the tablets.,Ask the patient to open their mouth after swallowing each tablet.,Ask the patient to swallow a full glass of water with the tablets.,,,C,Canadian Clinical Nursing Skills and Techniques,21 - Nonparenteral Medications
BSCN9330,Caring For Persons Requiring Medication,T,"A nurse is preparing to administer a rectal suppository to a patient. The patient says, “This is so embarrassing. Is this really necessary?” What is the most appropriate response?",“I can see if the doctor will prescribe an oral medication.”,“How about if I show you how to insert the suppository yourself?”,“I will make sure that you are well covered. I promise.”,“This will make you feel so much better.”,,,B,Canadian Clinical Nursing Skills and Techniques,21 - Nonparenteral Medications
BSCN9330,Caring For Persons Requiring Medication,T,The nurse is preparing to administer a rectal suppository to an older patient. Which step best protects the patient’s safety?,"Ask the patient to take deep, slow breaths as the suppository is being inserted.",Insert the suppository 5 centimetres into the rectum.,Place the patient in the left side-lying position with the top leg flexed.,Instruct the patient to use the call light for assistance to the bathroom.,,,D,Canadian Clinical Nursing Skills and Techniques,21 - Nonparenteral Medications
BSCN9330,Caring For Persons Requiring Medication,T,Which statement made by a nurse best illustrates an understanding of the role of and unregulated care provider (UCP) in administering a rectal suppository?,“Find out whether the patient is capable of inserting the suppository.”,“Please tell the patient to report if any rectal bleeding occurs.”,“Be sure to let me know if the patient has a bowel movement.”,“Remember to lubricate the suppository.”,,,C,Canadian Clinical Nursing Skills and Techniques,21 - Nonparenteral Medications
BSCN9330,Caring For Persons Requiring Medication,T,"After administering a rectal suppository for constipation, the nurse will monitor for all of the following responses except which one?",Low platelet count,Rectal pain,Bradycardia,Evacuation of stool,,,A,Canadian Clinical Nursing Skills and Techniques,21 - Nonparenteral Medications
BSCN9330,Caring For Persons Requiring Medication,T,The nurse should question a provider’s prescription to insert a suppository into the rectum of a patient with which condition?,Watery diarrhea,Rectal inflammation,External hemorrhoids,Internal hemorrhoids,,,A,Canadian Clinical Nursing Skills and Techniques,21 - Nonparenteral Medications
BSCN9330,Caring For Persons Requiring Medication,T,The nurse is preparing to apply a topical oil-based medication to a patient’s forearms. What should the nurse do to minimize the risk of contamination during the application?,Encourage the patient to self-apply the medication.,Wear treatment gloves during the entire application process.,Change gloves between prepping the skin and applying the medication.,Perform effective hand hygiene before and after applying the medication.,,,C,Canadian Clinical Nursing Skills and Techniques,21 - Nonparenteral Medications
BSCN9330,Caring For Persons Requiring Medication,T,Which of the following discharge instructions would be most important in ensuring the safety of a patient who will need to apply a transdermal patch daily at home?,Apply sufficient pressure to the edges of the patch to ensure adequate adherence.,Avoid using a heating pad on or near the application site.,Pat the application site dry before applying the patch.,Reapply the patch to the same site each time to enhance absorption.,,,B,Canadian Clinical Nursing Skills and Techniques,21 - Nonparenteral Medications
BSCN9330,Caring For Persons Requiring Medication,T,Which of the following is not taken into consideration when determining the appropriate amount of a topical medication to be applied to the skin?,Size of the skin site,Other medications the patient is taking,Manufacturer’s instructions for application of the product,Health care provider’s prescription,,,B,Canadian Clinical Nursing Skills and Techniques,21 - Nonparenteral Medications
BSCN9330,Caring For Persons Requiring Medication,T,The nurse is preparing to discharge a patient after instructing them in self-application of a topical medication. What is the best way for the nurse to ensure that the patient understands the instructions?,Discuss with the patient the most common errors in application.,Review the material several times with the patient and caregiver(s).,Allow the patient to apply the topical medication and provide feedback on technique.,Give the patient printed materials for later reference.,,,C,Canadian Clinical Nursing Skills and Techniques,21 - Nonparenteral Medications
BSCN9330,Caring For Persons Requiring Medication,T,The nurse is applying a topical antibiotic and dressing to a burn on the hand of a patient being treated as an outpatient. What is the most important thing the nurse can do to minimize the risk of infection?,Evaluate the patient’s ability to recognize the signs and symptoms of infection.,Perform effective hand hygiene before and after the application.,Instruct the patient not to change the dressing between visits.,Apply the medication using sterile technique.,,,D,Canadian Clinical Nursing Skills and Techniques,21 - Nonparenteral Medications
BSCN9330,Caring For Persons Requiring Medication,T,What would the nurse do if they were not able to insert a nasogastric tube in either of a patient’s nares?,Ask another nurse to attempt the insertion.,Document the attempts in the patient’s medical record.,Notify the physician that the attempts were unsuccessful.,Allow the patient to rest for 30 minutes before resuming the process.,,,C,Canadian Clinical Nursing Skills and Techniques,21 - Nonparenteral Medications
BSCN9330,Caring For Persons Requiring Medication,T,What would the nurse do if they encountered resistance when inserting a nasogastric tube?,Ask the patient to cough.,Withdraw the tube to the nasopharynx.,Encourage the patient to swallow.,Instruct the patient to hyperextend the neck.,,,B,Canadian Clinical Nursing Skills and Techniques,21 - Nonparenteral Medications
BSCN9330,Caring For Persons Requiring Medication,T,Which patient does not have a medical condition that contraindicates placement of a nasogastric tube?,A 28-year-old patient who fractured a femur after heavy drinking.,A 73-year-old patient who is on anticoagulation therapy.,A 54-year-old patient who broke a cheekbone in a fall.,A 67-year-old patient with a history of unexplained nosebleeds.,,,A,Canadian Clinical Nursing Skills and Techniques,21 - Nonparenteral Medications
BSCN9330,Caring For Persons Requiring Medication,T,What might the nurse do to reduce the patient’s discomfort before inserting a nasogastric tube?,Examine each naris for patency and skin breakdown.,Place the patient in the high-Fowler’s position.,Anesthetize the throat.,Have the patient take a few sips of water.,,,A,Canadian Clinical Nursing Skills and Techniques,21 - Nonparenteral Medications
BSCN9330,Caring For Persons Requiring Medication,T,Which intervention might the nurse delegate to the unregulated care provider (UCP) when inserting a nasogastric tube?,Positioning the patient in a high-Fowler’s position,Assessing the patient’s abdomen for bowel sounds,Determining any history of unexplained nosebleeds,Educating the patient about the need for the intervention,,,A,Canadian Clinical Nursing Skills and Techniques,21 - Nonparenteral Medications
BSCN9330,Caring For Persons Requiring Medication,T,A nurse is preparing to help a patient administer a bronchodilator using a nebulizer. What will the nurse do first in order to evaluate the medication’s effectiveness?,Assess the patient’s respiratory status before administration.,Demonstrate use of the nebulizer.,Discuss the medication adverse effects.,Verify the patient’s identification according to employer policy.,,,A,Canadian Clinical Nursing Skills and Techniques,21 - Nonparenteral Medications
BSCN9330,Caring For Persons Requiring Medication,T,What should the nurse do first if the patient or caregiver(s) express concerns about the accuracy of a nebulized medication?,Do not administer the medication.,Explore the patient’s concerns.,Notify the health care provider.,Verify the medication prescription.,,,A,Canadian Clinical Nursing Skills and Techniques,21 - Nonparenteral Medications
BSCN9330,Caring For Persons Requiring Medication,T,The nurse needs to administer a nebulized medication to an older person who is too weak hold the nebulizer mouthpiece. Which intervention should the nurse implement?,The nurse should ask a family member or UCP to assist with holding the nebulizer mouthpiece.,The nurse should delay treatment until the patient is stronger.,The nurse should hold the mouthpiece for the patient while the medication is being nebulized.,The nurse should use an aerosol facemask to administer the nebulized medication.,,,D,Canadian Clinical Nursing Skills and Techniques,21 - Nonparenteral Medications
BSCN9330,Caring For Persons Requiring Medication,T,Why should the nurse tap the nebulizer medication cup during and near the end of the treatment?,To make the mist form,To improve the patient’s pulmonary function,To provide control of airway hyperactivity and constriction,To release droplets that are clinging to the side of the cup,,,D,Canadian Clinical Nursing Skills and Techniques,21 - Nonparenteral Medications
BSCN9330,Caring For Persons Requiring Medication,T,Severe bronchospasm occurs during nebulizer treatment. What action should the nurse take?,The nurse continues to deliver the needed treatment so the patient will not be deprived of a necessary therapy.,The nurse discontinues the medication and notifies the health care provider immediately.,The nurse discontinues the medication for 15 to 20 minutes and then restarts the treatment if bronchospasm resolves.,The nurse switches to an aerosol facemask to administer the nebulized medication.,,,C,Canadian Clinical Nursing Skills and Techniques,21 - Nonparenteral Medications
BSCN9330,Caring For Persons Requiring Medication,T,The nurse is preparing to help a patient use a dry powder inhaler. What will the nurse do first in order to evaluate the medication’s effectiveness?,Assess the patient’s respiratory status.,Educate the patient against overuse of the inhaler.,Discuss the adverse effects of the particular medication.,Verify the patient’s identity according to employer policy.,,,A,Canadian Clinical Nursing Skills and Techniques,21 - Nonparenteral Medications
BSCN9330,Caring For Persons Requiring Medication,T,"To make sure the medication is delivered properly, what discharge instructions might the nurse give a patient who is being discharged with a dry powder inhaler (DPI)?",Rinse your mouth out with water after using the inhaler.,Use the inhaler while sitting up in bed.,Keep track of the dosage using the counter on the inhaler.,"After inhaling the medication, hold your breath for at least 10 seconds before exhaling.",,,D,Canadian Clinical Nursing Skills and Techniques,21 - Nonparenteral Medications
BSCN9330,Caring For Persons Requiring Medication,T,Which statement best illustrates the nurse’s understanding of the role of an unregulated care provider (UCP) in the use of a dry powder inhaler (DPI)?,“Be sure to let me know if the patient starts coughing again.”,“Did you shake the inhaler well before giving it to the patient?”,“Do you think the patient is capable of using the inhaler independently?”,“Please tell the patient that the inhaler is to be used only when they are having trouble breathing.”,,,A,Canadian Clinical Nursing Skills and Techniques,21 - Nonparenteral Medications
BSCN9330,Caring For Persons Requiring Medication,T,"Before discharge, the nurse shows a patient how to use a dry powder inhaler (DPI). What should the nurse now assess?",Patient’s understanding of the purpose of the medication,"Patient’s ability to handle, manipulate, and activate the DPI",Adequacy of the patient’s planned daily medication schedule,Patient’s awareness of the signs of an allergic reaction to the medication,,,B,Canadian Clinical Nursing Skills and Techniques,21 - Nonparenteral Medications
BSCN9330,Caring For Persons Requiring Medication,T,"When instructing a patient in the use of a dry powder inhaler (DPI), which statement is accurate?",It is important to shake the DPI before administering the medication.,It is important to exhale while the lips are still around mouthpiece.,It is important to read the manufacturer’s instructions to determine how quickly to inhale the medication.,It is important for the patient to hold their breath for at least 60 seconds after inhaling the medication.,,,C,Canadian Clinical Nursing Skills and Techniques,21 - Nonparenteral Medications
BSCN9330,Caring For Persons Requiring Medication,T,A nurse is preparing to help a patient administer a mucolytic agent using a metered-dose inhaler (MDI). What will the nurse do first in order to evaluate the medication’s effectiveness?,Assess the patient’s respiratory status before administration.,Warn against overuse of the inhaler.,Discuss the side effects of the particular medication.,Verify the patient’s identification according to employer policy.,,,A,Canadian Clinical Nursing Skills and Techniques,21 - Nonparenteral Medications
BSCN9330,Caring For Persons Requiring Medication,T,Which discharge instruction would help to ensure that the patient achieves maximum therapeutic delivery of the medication when using a metered-dose inhaler (MDI)?,Make sure to report any adverse effects after using your inhaler.,Prime the inhaler if it is new or has not been used for several days.,Hold your breath for 60 seconds after the medication is delivered.,Use the inhaler while sitting up in a chair at 90-degree angle.,,,B,Canadian Clinical Nursing Skills and Techniques,21 - Nonparenteral Medications
BSCN9330,Caring For Persons Requiring Medication,T,Which statement best illustrates the nurse’s understanding of the role of the unregulated care provider (UCP) in the use of a metered-dose inhaler?,“Be sure to let me know if they start coughing again.”,“Show the patient how to clean the spacer chamber after they are finished with the inhaler.”,“Offer the patient their inhaler if it looks like they are short of breath.”,“Please tell them the inhaler is to be used no more than three times per day.”,,,A,Canadian Clinical Nursing Skills and Techniques,21 - Nonparenteral Medications
BSCN9330,Caring For Persons Requiring Medication,T,"A patient has been prescribed a metered-dose inhaler (MDI) containing 200 doses of a bronchodilator. The patient has been instructed to take two puffs of the medication three times daily. At this dosage, how long will the MDI last?",100 days,50 days,66 days,33 days,,,D,Canadian Clinical Nursing Skills and Techniques,21 - Nonparenteral Medications
BSCN9330,Caring For Persons Requiring Medication,T,The nurse is instructing a patient who is to receive both a bronchodilator and a steroid medication delivered by means of a metered-dose inhaler (MDI). Which instruction is necessary for the safe administration of both agents?,“Make sure to use the steroid medication before the bronchodilator.”,“Make sure to use the bronchodilator before the steroid medication.”,“Rinse your mouth with warm water before using the MDI to administer either medication.”,“Make sure you wait at least 30 seconds between administering the bronchodilator and administering the steroid medication.”,,,B,Canadian Clinical Nursing Skills and Techniques,21 - Nonparenteral Medications
BSCN9370,Nursing Approaches to Acute & Chronic Illness,T,"The nurse is caring for a patient with longstanding, well-controlled diabetes who has acquired an acute infection. Which of the following is true about the impact of an acute infection in relation to diabetes?",Masks all other symptoms.,Influences changes to blood glucose and insulin requirements.,Reduces the amount of insulin required.,Increases the amount of insulin required.,,,B,Medical-Surgical Nursing in Canada,5 - Chronic Illness
BSCN9370,Nursing Approaches to Acute & Chronic Illness,T,A 70-year-old has just been diagnosed with chronic obstructive pulmonary disease (COPD). At what point should the nurse begin to include the patient’s spouse in the teaching around the management of the disease?,As soon as possible.,When the patient requests assistance from his spouse and family.,When the patient becomes unable to manage his symptoms independently.,After the patient has had the opportunity to adjust to his treatment regimen.,,,A,Medical-Surgical Nursing in Canada,5 - Chronic Illness
BSCN9370,Nursing Approaches to Acute & Chronic Illness,T,A nurse is preparing to have a difficult discussion with a patient regarding their recent diagnosis of a chronic illness. The nurse should be aware that barriers to effective communication include which of the following?,Age of the patient,Balancing hope and reality when discussing bad news,Letting the patient lead the discussion,The patient’s culture,,,A,Medical-Surgical Nursing in Canada,5 - Chronic Illness
BSCN9370,Nursing Approaches to Acute & Chronic Illness,T,Why is chronic illness on the rise in Canada?,The age of the population is decreasing and risk factor rates are rising.,The episodic model of care is unable to address chronic health problems.,The age of the population is increasing and risk factor rates are falling.,Conditions are underdiagnosed and monitoring of chronic conditions is inconsistent.,,,B,Medical-Surgical Nursing in Canada,5 - Chronic Illness
BSCN9370,Nursing Approaches to Acute & Chronic Illness,T,Which of the following assessment findings would alert the nurse to possible caregiver distress? (Select all that apply.),Inadequate self-care,Increased health-promotion activities,Increased fatigue,Increased psychological distress,Decreased risk of cardiovascular disease,,A|C|D,Medical-Surgical Nursing in Canada,5 - Chronic Illness
BSCN9370,Nursing Approaches to Acute & Chronic Illness,T,A 67-year-old who has chronic urinary incontinence is in the habit of arriving 20 minutes early for church in order to ensure that she gets a seat near the end of a row and close to the exit so that she has ready access to the washroom. Which of the following tasks of the chronically ill is the woman enacting? (Select all that apply.),Controlling symptoms,Preventing social isolation,Preventing and managing a crisis,Denying the reality of the problem,Adjusting to changes in the course of the disease,,A|C,Medical-Surgical Nursing in Canada,5 - Chronic Illness
BSCN9370,Nursing Approaches to Acute & Chronic Illness,T,"Before administering meloxicam, the nurse will assess the patient’s medical record for which of the following medications that would increase the risk of adverse effects?",Acetylsalicylic acid,Scopolamine,Theophylline,Acetaminophen,,,A,Medical-Surgical Nursing in Canada,10 - Pain
BSCN9370,Nursing Approaches to Acute & Chronic Illness,T,"After administering oxycodone for complaints of pain, which of the following interventions would be of highest priority for the nurse to complete before leaving the patient’s room?",Leave the overbed light on at low setting,Ensure that the upper two side rails are raised,Offer to turn on the television to provide distraction,Ensure that documentation of intake and output is accurate,,,B,Medical-Surgical Nursing in Canada,10 - Pain
BSCN9370,Nursing Approaches to Acute & Chronic Illness,T,Which of the following assessments is of highest priority for the nurse to complete before administration of morphine?,Pain rating,Blood pressure,Respiratory rate,Level of consciousness,,,C,Medical-Surgical Nursing in Canada,10 - Pain
BSCN9370,Nursing Approaches to Acute & Chronic Illness,T,The nurse is preparing to administer celecoxib 200 mg PO for pain relief. Available are capsules containing 100 mg. How many capsules should the nurse administer?,0.5 capsule,1 capsule,2 capsules,4 capsules,,,C,Medical-Surgical Nursing in Canada,10 - Pain
BSCN9370,Nursing Approaches to Acute & Chronic Illness,T,The nurse should instruct a patient receiving nonsteroidal anti-inflammatory drugs (NSAIDs) to report which of the following adverse effects?,Blurred vision,Nasal stuffiness,Urinary retention,Black or tarry stools,,,D,Medical-Surgical Nursing in Canada,10 - Pain
BSCN9370,Nursing Approaches to Acute & Chronic Illness,T,Which of the following is the most common opioid adverse effect?,Nausea,Constipation,Sedation,Respiratory depression,,,B,Medical-Surgical Nursing in Canada,10 - Pain
BSCN9370,Nursing Approaches to Acute & Chronic Illness,T,"To reduce the risk of adverse effects, the nurse should do which of the following when caring for a patient receiving morphine sulphate via patient-controlled analgesia (PCA)?",Teach the caregiver not to push the button for the patient.,Instruct the patient not to push the button too frequently.,Ask the patient to do deep breathing exercises every hour.,Administer medications to prevent the occurrence of diarrhea.,,,A,Medical-Surgical Nursing in Canada,10 - Pain
BSCN9370,Nursing Approaches to Acute & Chronic Illness,T,The nurse would question an order written for oxycodone for a patient exhibiting which of the following clinical manifestations?,Severe jaundice,Oral candidiasis,Increased urine output,Elevated blood glucose,,,A,Medical-Surgical Nursing in Canada,10 - Pain
BSCN9370,Nursing Approaches to Acute & Chronic Illness,T,The nurse has been assigned to care for a postoperative patient who has been switched from patient-controlled analgesia with meperidine to morphine sulphate after experiencing restlessness and agitation. The caregiver asks why the change has been made. Which of the following replies is most appropriate?,“Restlessness and agitation are symptoms of meperidine toxicity.”,“Meperidine is not controlling the surgical pain effectively.”,“Meperidine has caused the respiratory rate to drop too low.”,“Meperidine can be used for only 24 hours postoperatively.”,,,A,Medical-Surgical Nursing in Canada,10 - Pain
BSCN9370,Nursing Approaches to Acute & Chronic Illness,T,A patient with osteoarthritis has been taking ibuprofen 400 mg every 8 hours. The patient states that the drug does not seem to work as well as it used to in controlling the pain. The most appropriate response to the patient is based on knowledge of which of the following?,Another nonsteroidal anti-inflammatory drug (NSAID) may be indicated because of individual variations in response to drug therapy.,The patient is probably not compliant with the drug therapy and therefore the nurse must initially assess the patient’s knowledge base and initiate appropriate teaching.,"If nonsteroidal anti-inflammatory drugs (NSAIDs) are not effective in controlling symptoms, systemic corticosteroids are the next line of therapy.",It may take several months for nonsteroidal anti-inflammatory drugs (NSAIDs) to reach therapeutic levels in the blood and thus be effective.,,,A,Medical-Surgical Nursing in Canada,10 - Pain
BSCN9370,Nursing Approaches to Acute & Chronic Illness,T,"When assessing a patient receiving morphine sulphate 2 mg every 10 minutes via patient-controlled analgesia (PCA) pump, the nurse should take action as soon as the patient’s respiratory rate drops down to or below which of the following parameters?",16 breaths/minute,14 breaths/minute,12 breaths/minute,10 breaths/minute,,,C,Medical-Surgical Nursing in Canada,10 - Pain
BSCN9370,Nursing Approaches to Acute & Chronic Illness,T,Which of the following clinical manifestations would the nurse attribute to adverse effects of morphine sulphate administered via patient-controlled analgesia (PCA)?,Urinary incontinence,Increased blood pressure,Diarrhea,Nausea and vomiting,,,D,Medical-Surgical Nursing in Canada,10 - Pain
BSCN9370,Nursing Approaches to Acute & Chronic Illness,T,A postoperative patient has an order to receive morphine sulphate 4 mg IM every 3–4 hours PRN for pain. On hand are prefilled syringes labelled morphine sulphate 10 mg/mL. How many millilitres should the nurse administer?,0.4 mL,0.55 mL,0.6 mL,0.75 mL,,,A,Medical-Surgical Nursing in Canada,10 - Pain
BSCN9370,Nursing Approaches to Acute & Chronic Illness,T,A patient asks the nurse why a dose of morphine sulphate by IV bolus is given before starting the medication via patient-controlled analgesia (PCA). Which of the following responses is most appropriate?,"“The IV bolus dose helps your body adjust to medication, and will result in less adverse effects once you start using the patient-controlled analgesia (PCA).""",“The IV bolus dose will enhance the effects of the patient-controlled analgesia (PCA) for the next 8 hours.”,"“The IV bolus dose will provide for immediate pain relief, which can be maintained by using the patient-controlled analgesia (PCA).”",“patient-controlled analgesia (PCA) will never be effective unless a bolus dose is given first.”,,,C,Medical-Surgical Nursing in Canada,10 - Pain
BSCN9370,Nursing Approaches to Acute & Chronic Illness,T,The nurse is caring for a patient who is receiving morphine sulphate via patient-controlled analgesia (PCA). Which of the following patient assessment data demonstrates the most therapeutic effect of this medication?,"Pain rating 1/10, drowsy but arousable, respirations 16","Pain rating 2/10, awake and alert, respirations 18","Pain rating 3/10, awake and alert, respirations 24","Pain rating 2/10, drowsy but arousable, respirations 18",,,B,Medical-Surgical Nursing in Canada,10 - Pain
BSCN9370,Nursing Approaches to Acute & Chronic Illness,T,The nurse should teach a patient to avoid which of the following medications while taking ibuprofen?,Morphine sulphate,Nitroglycerin,Acetylsalicylic acid,Furosemide,,,C,Medical-Surgical Nursing in Canada,10 - Pain
BSCN9370,Nursing Approaches to Acute & Chronic Illness,T,A patient admitted with metastatic lung cancer is ordered to receive morphine sulphate for pain. The nurse should assess for which of the following common adverse reactions to this medication?,Constipation,Agitation,Diarrhea,Urinary incontinence,,,A,Medical-Surgical Nursing in Canada,10 - Pain
BSCN9370,Nursing Approaches to Acute & Chronic Illness,T,A patient is receiving fentanyl to control chronic cancer pain. Which of the following assessments should the nurse observe for as a potential adverse effect of this medication?,Pupillary dilation,Hypertension,Urinary incontinence,Decreased respiratory rate,,,D,Medical-Surgical Nursing in Canada,10 - Pain
BSCN9370,Nursing Approaches to Acute & Chronic Illness,T,"The nurse is caring for a patient receiving morphine sulphate 10 mg IV push PRN for pain. Upon assessment, the nurse finds the patient obtunded with a respiratory rate of 8. Which of the following medications would the nurse prepare to administer to treat these symptoms?",Naloxone,Atropine sulphate,Protamine sulphate,Neostigmine bromide,,,A,Medical-Surgical Nursing in Canada,10 - Pain
BSCN9370,Nursing Approaches to Acute & Chronic Illness,T,The nurse is caring for a postoperative patient receiving epidural fentanyl for pain relief. The nurse will monitor the patient for which of the following common adverse effects? (Select all that apply.),Nausea,Itching,Urinary retention,Ataxia,Diarrhea,,A|B|C,Medical-Surgical Nursing in Canada,10 - Pain
BSCN9370,Nursing Approaches to Acute & Chronic Illness,T,The nurse is admitting a patient with a diagnosis of metastatic lung cancer. Which of the following areas would the nurse assess as a key indicator of clinical depression related to terminal illness?,Frustration with pain,Anorexia and nausea,Feelings of hopelessness,Inability to carry out activities of daily living,,,C,Medical-Surgical Nursing in Canada,13 - Palliative & End-of-Life Care
BSCN9370,Nursing Approaches to Acute & Chronic Illness,T,"A patient who has terminal cancer tells the nurse, “I know I am going to die pretty soon, perhaps in the next month.” Which of the following responses is the most appropriate?",“What are your feelings about being so sick and thinking you may die soon?”,“None of us knows when we are going to die. Is this a particularly difficult day?”,“Would you like for me to call your spiritual advisor so you can talk about your feelings?”,“Perhaps you are depressed about your illness; I will speak to the doctor about getting some medications for you.”,,,A,Medical-Surgical Nursing in Canada,13 - Palliative & End-of-Life Care
BSCN9370,Nursing Approaches to Acute & Chronic Illness,T,The nurse is caring for a patient who is receiving home hospice palliative care. The nurse understands that which of the following is the goal of hospice palliative care?,Supportive care to patients only at the end of life,Improving the quality of life of patients with life-threatening illness,Respite for caregivers of terminally ill patients,Restoration of health for patients who have acute illnesses,,,B,Medical-Surgical Nursing in Canada,13 - Palliative & End-of-Life Care
BSCN9370,Nursing Approaches to Acute & Chronic Illness,T,"The nurse is caring for a patient who has been receiving hospice palliative care for the past several weeks. The caregiver has rung the call bell, stating that the patient now “stops breathing for a while, then breathes fast and hard, and then stops again.” Which of the following terms should the nurse use when documenting this assessment?",Apnea,Bradypnea,Death rattle,Cheyne–Stokes respiration,,,D,Medical-Surgical Nursing in Canada,13 - Palliative & End-of-Life Care
BSCN9370,Nursing Approaches to Acute & Chronic Illness,T,An older person died one year ago following a myocardial infarction that occurred while performing yard work. Which of the following actions would indicate that the patient’s partner is experiencing prolonged grief?,Initially denied the partners death,Talks extensively about the partner in the years following death,Suggests that the partner will be home soon on the anniversary of death,Cries uncontrollably and unpredictably in the weeks following the death,,,C,Medical-Surgical Nursing in Canada,13 - Palliative & End-of-Life Care
BSCN9370,Nursing Approaches to Acute & Chronic Illness,T,Which of the following nursing diagnosis would be appropriate to describe a patient who is receiving end-of-life care? (Select all that apply.),Fear,Altered body image,Readiness for advanced knowledge,Altered verbal communication,Disturbed sleep pattern,,A|D|E,Medical-Surgical Nursing in Canada,13 - Palliative & End-of-Life Care
BSCN9370,Nursing Approaches to Acute & Chronic Illness,T,"The nurse is admitting a patient who has abdominal pain, nausea, and vomiting. A bowel obstruction is suspected. The nurse assesses this patient for which of the following anticipated primary acid–base imbalances if the obstruction is high in the intestine?",Metabolic acidosis,Metabolic alkalosis,Respiratory acidosis,Respiratory alkalosis,,,B,Medical-Surgical Nursing in Canada,"19 - Fluid, Electrolyte, & Acid-Base Balances"
BSCN9370,Nursing Approaches to Acute & Chronic Illness,T,Which of the following serum potassium results best supports the rationale for administering a stat dose of potassium chloride 20 mmol in 250 mL of normal saline over 2 hours?,3.1 mmol/L,3.9 mmol/L,4.6 mmol/L,5.3 mmol/L,,,A,Medical-Surgical Nursing in Canada,"19 - Fluid, Electrolyte, & Acid-Base Balances"
BSCN9370,Nursing Approaches to Acute & Chronic Illness,T,"The nurse receives a health care provider’s prescription to change a patient’s IV from D5½NS with 40 mmol KCl/L to D5NS with 20 mmol KCl/L. Which of the following serum laboratory values, documented on this same patient, best supports the rationale for this IV order change?","Sodium 136 mmol/L, potassium 4.5 mmol/L","Sodium 145 mmol/L, potassium 4.8 mmol/L","Sodium 135 mmol/L, potassium 3.6 mmol/L","Sodium 144 mmol/L, potassium 3.7 mmol/L",,,A,Medical-Surgical Nursing in Canada,"19 - Fluid, Electrolyte, & Acid-Base Balances"
BSCN9370,Nursing Approaches to Acute & Chronic Illness,T,The nurse is preparing an IV solution for administration. The health care providers prescription is D5½ NS with 40 mmol KCl/L at 125 mL/hour. The nurse must add KCl to the IV because no premixed solutions are available. The unit medication supply has a stock of KCl 3 mmol/mL in multidose vials. Which of the following amounts of KCl should the nurse add to a litre of D5½ NS to obtain the correct solution?,7.5 mL,10 mL,13.3 mL,15 mL,,,C,Medical-Surgical Nursing in Canada,"19 - Fluid, Electrolyte, & Acid-Base Balances"
BSCN9370,Nursing Approaches to Acute & Chronic Illness,T,"The nurse is caring for a patient admitted with an exacerbation of asthma. After several treatments, the ABG results are pH 7.40, PaCO2 40 mm Hg, HCO3 24 mmol/L, PaO2 92 mm Hg, and O2 saturation 99%. Which of the following interpretations would the nurse document?",Within normal limits,Slight metabolic acidosis,Slight respiratory acidosis,Slight respiratory alkalosis,,,A,Medical-Surgical Nursing in Canada,"19 - Fluid, Electrolyte, & Acid-Base Balances"
BSCN9370,Nursing Approaches to Acute & Chronic Illness,T,"The nurse is caring for a patient receiving D5W at a rate of 125 mL/hour. During the 1600-hour assessment of the patient, the nurse determines that 500 mL is left in the present IV bag. At which of the following times should the nurse anticipate hanging the next bag of D5W?",1800 hours,1900 hours,2000 hours,2200 hours,,,C,Medical-Surgical Nursing in Canada,"19 - Fluid, Electrolyte, & Acid-Base Balances"
BSCN9370,Nursing Approaches to Acute & Chronic Illness,T,"The nurse is caring for a patient admitted with a diagnosis of chronic obstructive pulmonary disease (COPD) who has the following arterial blood gas results: pH 7.33, PaO2 47 mm Hg, PaCO2 60 mm Hg, HCO3 32 mmol/L, and O2 saturation of 92%. Which of the following is the correct interpretation of these results?",Fully compensated respiratory alkalosis.,Partially compensated respiratory acidosis.,Normal acid–base balance with hypoxemia.,Normal acid–base balance with hypercapnia.,,,B,Medical-Surgical Nursing in Canada,"19 - Fluid, Electrolyte, & Acid-Base Balances"
BSCN9370,Nursing Approaches to Acute & Chronic Illness,T,The nurse is caring for a patient receiving calcium carbonate for the treatment of osteopenia. Which of the following serum laboratory results would the nurse identify as an adverse effect related to this therapy?,Sodium falling to 138 mmol/L,Potassium rising to 4.1 mmol/L,Magnesium rising to 29 mg/L,Phosphorus falling to 21 mg/L,,,D,Medical-Surgical Nursing in Canada,"19 - Fluid, Electrolyte, & Acid-Base Balances"
BSCN9370,Nursing Approaches to Acute & Chronic Illness,T,The nurse is caring for a patient admitted with heart failure. The morning laboratory results reveal a serum potassium level of 2.9 mmol/L. Which of the following classifications of medications should the nurse withhold until consulting with the health care provider?,Antibiotics,Loop diuretics,Bronchodilators,Antihypertensives,,,B,Medical-Surgical Nursing in Canada,"19 - Fluid, Electrolyte, & Acid-Base Balances"
BSCN9370,Nursing Approaches to Acute & Chronic Illness,T,"The nurse is caring for an older person who is receiving IV fluids postoperatively. During the 0800 hour assessment of this patient, the nurse notes that the IV solution, which was ordered to infuse at 125 mL/hour, has infused 950 mL since it was hung at 0400. Which of the following actions is the priority nursing intervention?",Notify the physician and complete an incident report.,Slow the rate to keep the vein open until the next bag is due at noon.,Obtain a new bag of IV solution to maintain patency of the site.,Listen to the patient’s lung sounds and assess respiratory status.,,,D,Medical-Surgical Nursing in Canada,"19 - Fluid, Electrolyte, & Acid-Base Balances"
BSCN9370,Nursing Approaches to Acute & Chronic Illness,T,The nurse is assessing a patient admitted with nausea and vomiting. Which of the following findings supports the nursing diagnosis of deficient fluid volume?,Polyuria,Decreased pulse,Difficulty breathing,General restlessness,,,D,Medical-Surgical Nursing in Canada,"19 - Fluid, Electrolyte, & Acid-Base Balances"
BSCN9370,Nursing Approaches to Acute & Chronic Illness,T,The nurse is caring for a patient with dehydration. Which of the following actions should the nurse implement?,Auscultate lung sounds q2h.,Monitor daily weight and intake and output.,Monitor diastolic blood pressure for increases.,Encourage the patient to reduce sodium intake.,,,B,Medical-Surgical Nursing in Canada,"19 - Fluid, Electrolyte, & Acid-Base Balances"
BSCN9370,Nursing Approaches to Acute & Chronic Illness,T,A patient is receiving IV magnesium as a treatment for eclampsia. Which of the following assessment findings would be indicative of hypermagnesemia?,Constipation,Cardiac dysrhythmias,Hypertension,Loss of deep tendon reflexes,,,D,Medical-Surgical Nursing in Canada,"19 - Fluid, Electrolyte, & Acid-Base Balances"
BSCN9370,Nursing Approaches to Acute & Chronic Illness,T,The nurse is planning care for a patient with dehydration related to nausea and vomiting. Which of the following fluid shifts would the nurse anticipate in this patient?,Fluid movement from the blood vessels into the cells.,Fluid movement from the interstitial spaces into the cells.,Fluid movement from the blood vessels into interstitial spaces.,Fluid movement from the interstitial spaces into the blood vessels.,,,D,Medical-Surgical Nursing in Canada,"19 - Fluid, Electrolyte, & Acid-Base Balances"
BSCN9370,Nursing Approaches to Acute & Chronic Illness,T,The nurse is planning care for an adult patient and concludes that which of the following oral intakes is adequate to meet daily fluid needs of a stable patient?,500–1 500 mL,1 200–2 200 mL,2 000–3 000 mL,3 000–4 000 mL,,,C,Medical-Surgical Nursing in Canada,"19 - Fluid, Electrolyte, & Acid-Base Balances"
BSCN9370,Nursing Approaches to Acute & Chronic Illness,T,The nurse is caring for a patient with metastatic bone cancer. Which of the following clinical manifestations would alert the nurse to the possibility of hypercalcemia in this patient?,Weakness,Paresthesia,Facial spasms,Muscle tremors,,,A,Medical-Surgical Nursing in Canada,"19 - Fluid, Electrolyte, & Acid-Base Balances"
BSCN9370,Nursing Approaches to Acute & Chronic Illness,T,"The nurse is caring for a patient admitted with diabetes mellitus, malnutrition, and a massive gastrointestinal (GI) bleed. In analyzing the morning laboratory results, the nurse understands that a potassium level of 5.5 mEq/L could be caused by which of the following factors in this patient?",Excretion of extra sodium and retention of potassium because of malnutrition.,Potassium level may be increased as a result of dehydration that accompanies high blood glucose levels.,Hyperglycemia related to diabetes and stress of hospitalization.,Renal insufficiency related to hypokalemia.,,,C,Medical-Surgical Nursing in Canada,"19 - Fluid, Electrolyte, & Acid-Base Balances"
BSCN9370,Nursing Approaches to Acute & Chronic Illness,T,"While performing patient teaching regarding hypercalcemia, which of the following statements are appropriate? (Select all that apply.)",Have patient restrict fluid intake to less than 2 000 mL/day.,Renal calculi may occur as a complication of hypercalcemia.,Weight-bearing exercises can help keep calcium in the bones.,The patient should increase daily fluid intake to 3 000–4 000 mL.,Treatment of heartburn can best be managed with Tums on a prn basis.,,B|C|D,Medical-Surgical Nursing in Canada,"19 - Fluid, Electrolyte, & Acid-Base Balances"